"time","AR","AAdi","ABra","AGon","AHea","ALun","AMus","ASki","ASpl","APan","Adif","A_baso","AKb","ACl","Aefflux","A_apical","APTC","Afil","Aurine","ALumen","AGI","AabsLumen","Afeces","AL","Abile","Aplas_free","ingestion","amount_per_gram_liver","Atissue","Aloss","Atotal","CR","CR_free","CVR","CAdi","CAdi_free","CVAdi","CBra","CBra_free","CVBra","CGon","CGon_free","CVGon","CHea","CVHea","CHea_free","CLun","CVLun","CLun_free","CMus","CVMus","CMus_free","CSki","CVSki","CSki_free","CSpl","CVSpl","CSpl_free","Cpan","CVPan","Cpan_free","CKb","CVK","CPTC","Cfil","CL","CVL","CL_free","CGI","CVGI","CGI_free","CA_free","CA"
30,0.0557186679109715,0.0950302009196707,0.0276480224243805,0.00176977150289767,0.0200251835947295,0.0523974643320636,0.30469532811294,0.0332746729012578,0.00857066270496113,0.00459677881229817,-5.44065797571899,579.349564049574,0.00300008289586062,553.330172348375,722.497465393423,148.592053841666,0.00349452205109639,0.0745693462994755,404.663549160418,0.00231618909527919,0.00526345897210979,423.748572183927,18.3196258670341,0.0885216938020461,18.3055142400379,0.000932944706215384,14.1255,3.77041033316492e-05,0.781824991038254,422.983175027452,423.76500001849,0.00103454074559588,2.53462482670991e-06,0.103454074559588,0.00516356231904318,1.26507276816558e-05,0.103454074559588,0.0160744316420817,3.93823575231001e-05,0.103454074559588,0.0411574768115737,0.000100835818188356,0.103454074559588,0.0465701944063477,0.103454074559588,0.000114096976295552,0.0761591051338133,0.103454074559588,0.000186589807577843,0.00885742232886454,0.103454074559588,2.17006847057181e-05,0.0104571567885788,0.103454074559588,2.56200341320181e-05,0.0498294343311694,0.103454074559588,0.000122082114111365,0.0267254582110359,0.103454074559588,6.54773726170379e-05,0.0545073200556072,0.0545073200556072,0.0752481061820928,2.16771355521731,0.0395893084982317,0.115514375996903,9.69938058206677e-05,0.00437164366454301,0.124883773622883,1.07105269781304e-05,0.000253462482670991,0.103454074559588
30,0.0260024437931622,0.0443481072091475,0.0129026083364151,0.000825906033941194,0.00934522899401867,0.0244525250204416,0.142193333766613,0.0155284188278386,0.00399970393427193,0.00214519634402183,-2.53909623525345,270.367385551329,0.00140006006700562,258.224696262098,337.173687680677,69.3470291813232,0.00163081672023167,0.0347990067598456,188.842868074014,0.00108088824446362,0.00245631205924495,197.749333685832,8.54927517329738,0.0413106884969213,8.54268974744461,0.000435380873143901,6.5919,1.75954887541193e-05,0.364856625480729,197.392143247312,197.756999872792,0.000482793085291907,1.18284305896517e-06,0.0482793085291907,0.00240969937019928,5.90376345698823e-06,0.0482793085291907,0.00750151647465991,1.83787153629168e-05,0.0482793085291907,0.0192071170683999,4.70574368175797e-05,0.0482793085291907,0.0217330906837644,0.0482793085291907,5.32460721752227e-05,0.0355414607855256,0.0482793085291907,8.70765789245377e-05,0.00413352714437829,0.0482793085291907,1.01271415037268e-05,0.00488008134124406,0.0482793085291907,1.19561992860479e-05,0.0232540926411159,0.0482793085291907,5.69725269707339e-05,0.0124720717675688,0.0482793085291907,3.05565758305435e-05,0.0254371378453056,0.0254371378453056,0.0351166391092091,1.01159903371644,0.0184752631918253,0.0539074457205427,4.52643948199719e-05,0.00204012629505395,0.0582798347587283,4.99830942288217e-06,0.000118284305896517,0.0482793085291907
30,0.0210496511620579,0.0359009404606647,0.010444995352076,0.000668592307915017,0.00756520471377275,0.0197949518055353,0.115109183473915,0.0125706568976524,0.00323786384224679,0.00173659195554749,-2.05547539161134,218.869410472407,0.00113338484411079,209.039573010315,272.951235504911,56.1386206144442,0.00132019032921563,0.0281706216170975,152.872781774254,0.000875004769327695,0.00198844730614347,160.08279393615,6.92085752804452,0.0334420621239858,6.9155264689697,0.000352452083935328,5.3363,1.42439995416926e-05,0.2953607950452,159.793639302299,160.089000097344,0.000390833496639294,9.57542066766269e-07,0.0390833496639294,0.00195071400025346,4.77924930062099e-06,0.0390833496639294,0.00607267171632325,1.4878045704992e-05,0.0390833496639294,0.0155486583236051,3.80942128928324e-05,0.0390833496639294,0.0175934993343552,0.0390833496639294,4.31040733691703e-05,0.0287717322754874,0.0390833496639294,7.04907440749441e-05,0.00334619719400916,0.0390833496639294,8.19818312532243e-06,0.00395055213628297,0.0390833496639294,9.67885273389327e-06,0.0188247897805046,0.0390833496639294,4.61207349622363e-05,0.0100964648578343,0.0390833496639294,2.47363389016939e-05,0.0205920211502687,0.0205920211502687,0.0284278709994753,0.818913419101671,0.0149561995187772,0.0436394602541212,3.66426888210041e-05,0.00165153430742813,0.0471790137545074,4.04625905319892e-06,9.57542066766269e-05,0.0390833496639294
30,0.198096265943374,0.337860337654061,0.09829685827629,0.00629205864822888,0.0711954223544045,0.186288409580571,1.08328158250315,0.118301256999872,0.0304712288029883,0.0163429017997858,-19.3400902952984,2059.75423658612,0.0106661810490735,1967.25203074371,2568.58045624475,528.178733470032,0.0124235161120841,0.265136238648861,1438.80816103503,0.00823533900543713,0.0187133819215528,1506.66158998728,65.1321978152563,0.314723190270108,65.0820231415698,0.00331689305509248,50.224,0.000134050255673443,2.77964106262493,1503.94035885029,1506.71999991291,0.00367809688121535,9.01133735897761e-06,0.367809688121535,0.018357984006415,4.49770608157166e-05,0.367809688121535,0.0571493362071453,0.000140015873707506,0.367809688121535,0.146326945307648,0.000358501016003738,0.367809688121535,0.165570749661406,0.367809688121535,0.000405648336670444,0.270768037181063,0.367809688121535,0.000663381691093605,0.0314907436774171,0.367809688121535,7.71523220096718e-05,0.0371782705844977,0.367809688121535,9.10867629320193e-05,0.177158306994118,0.367809688121535,0.000434037852135589,0.0950168709289873,0.367809688121535,0.000232791333776019,0.19378962661834,0.19378962661834,0.267517573472956,7.707448797932,0.140752768457115,0.410690886881401,0.000344844282719931,0.0155426760145787,0.444004173679917,3.80795562357178e-05,0.000901133735897761,0.367809688121535
30,0.000362522035053991,0.000888168683532349,6.19265030558268e-05,1.38198224629509e-05,0.000154860499672199,0.000370966539263713,0.00297229875016631,0.000821912034390622,6.73532846074287e-05,5.79955811048965e-05,-0.0273440175633833,0.0273728544997329,2.84434946908656e-05,55.9280025198021,0,0,2.88369363495944e-05,0.0102882913717925,55.9177142284303,0.000305736960576854,0.000432714609539217,55.9348115282792,0.00186273476127194,0.000453044891298394,0,9.41471334288971e-05,1.864566,1.92965708875711e-07,0.0174030391309866,55.9195769631916,55.9369800023226,6.73102625208029e-06,2.55778997579051e-07,0.000673102625208029,4.82595459428575e-05,1.83386274582858e-06,0.000673102625208029,3.60037808464109e-05,1.36814367216362e-06,0.000673102625208029,0.000321391220068626,1.22128663626078e-05,0.000673102625208029,0.000360140696912091,0.000673102625208029,1.36853464826595e-05,0.000539195551255397,0.000673102625208029,2.04894309477051e-05,8.64040334350671e-05,0.000673102625208029,3.28335327053255e-06,0.000258300450782722,0.000673102625208029,9.81541712974345e-06,0.000391588863996679,0.000673102625208029,1.48803768318738e-05,0.00033718361107498,0.000673102625208029,1.28129772208492e-05,0.000516778609935784,0.000516778609935784,0.000620950395124772,0.299078237552107,0.000202613994319496,0.00078038381215957,7.69933178414086e-06,0.000359397516228585,0.000855480643025649,1.36571056166862e-05,2.55778997579051e-05,0.000673102625208029
30,0.00116418392363613,0.00288211158367035,5.03020104911417e-05,4.83391936260607e-05,0.000533854712175189,0.00123299441292821,0.0102539961475665,0.00269078502502304,0.000228460240252363,0.000198996542188851,0.39229811828771,0.390669261521078,9.03236910305376e-05,21.2464982229445,1.80451264416714,1.0215520696638,6.80530544381959e-06,0.00372439322336744,20.2212217600573,0.000113235911324761,0.00149988770282811,20.716596862326,0.468220478252923,0.00320328619957721,0.467530576496481,3.58033123131478e-05,0.69058,1.364377800314e-06,0.0279577591374429,20.6894422383103,20.7173999974477,2.16156586207997e-05,9.72704637935988e-08,0.00216156586207997,0.000156602455100541,7.04711047952434e-07,0.00216156586207997,2.92453549367103e-05,1.31604097215196e-07,0.00216156586207997,0.00112416729362932,5.05875282133193e-06,0.00216156586207997,0.00124152258645393,0.00216156586207997,5.58685163904268e-06,0.00179214304204681,0.00216156586207997,8.06464368921066e-06,0.000298081283359492,0.00216156586207997,1.34136577511771e-06,0.000845626972037412,0.00216156586207997,3.80532137416835e-06,0.00132825721076955,0.00216156586207997,5.97715744846299e-06,0.00115695664063285,0.00216156586207997,5.20630488284784e-06,0.00164105543296762,0.00164105543296762,0.000146539738239009,0.108267244865332,0.0014325966903297,0.00248951532590465,6.44668510648365e-06,0.00124575390600342,0.00273196624702397,5.60589257701538e-06,9.72704637935987e-06,0.00216156586207997
30,0.0856816044896946,0.146133071644596,0.0425158570925116,0.00272147320877627,0.0307938061860822,0.0805744103993329,0.468546459777981,0.0511682613734587,0.0131795708625772,0.0070687150086082,-8.36611589213126,890.89674494908,0.00461338977024723,850.885720955784,1111.01328924715,228.488033856464,0.00537366624884791,0.114671155116419,622.283015944203,0.00356178411985156,0.00809392656688983,651.6311376695,28.1711266711703,0.13612481739621,28.1494261244028,0.00143463945434634,21.72188,5.79797331102352e-05,1.20225660871643,650.454142615373,651.656399224089,0.00159086917035154,3.89762946736128e-06,0.159086917035154,0.00794028861359465,1.94537071033069e-05,0.159086917035154,0.0247185215654137,6.05603778352636e-05,0.159086917035154,0.0632900746227038,0.000155060682825624,0.159086917035154,0.0716135027583308,0.159086917035154,0.00017545308175791,0.117113968603681,0.159086917035154,0.00028692922307902,0.0136205366214529,0.159086917035154,3.33703147225597e-05,0.0160805346868192,0.159086917035154,3.9397309982707e-05,0.076625411991728,0.159086917035154,0.000187732259379734,0.0410971802826058,0.159086917035154,0.000100688091692384,0.0838188548373406,0.0838188548373406,0.115712020862358,3.3334638115238,0.060878719765747,0.177632992138387,0.00014915286342608,0.00672253037117096,0.192041032039154,1.64701994093688e-05,0.000389762946736128,0.159086917035154
30,0.0110803593460099,0.0614248731555427,0.00561448411054862,0.000558625469854036,0.00540348371465096,0.020079572952702,0.00518710428606865,0.041610378767935,2.95865445979058e-05,2.89906528298449e-05,-3.15153248768783,161.664735545484,0.000372169161497388,83.8419854168697,189.22466212898,30.7123319517789,0.000872880595291097,0.00980543281619031,53.1198480322746,0.000351031325106758,0.000239873372156126,64.2214502732082,10.8793090986809,0.0619824224540834,10.8771704033415,0.00014160694290187,2.140798,2.64002140105986e-05,0.224782875667967,63.9991571309555,64.2239400066235,0.000205731465755918,3.84717840963567e-07,0.0205731465755918,0.00333758276220076,6.24127976531541e-06,0.0205731465755918,0.00326423494799338,6.10411935274762e-06,0.0205731465755918,0.0129912899966055,2.42937122936523e-05,0.0205731465755918,0.0125662411968627,0.0205731465755918,2.34988710381332e-05,0.0291854258033459,0.0205731465755918,5.45767462522568e-05,0.000150787915292693,0.0205731465755918,2.81973401597336e-07,0.0130768003670443,0.0205731465755918,2.44536166863729e-05,0.000172014794173871,0.0205731465755918,3.21667665105139e-07,0.000168550307150261,0.0205731465755918,3.15189074370989e-07,0.00676179435860079,0.00676179435860079,0.018795878451574,0.285041651633439,0.0277202247111285,0.0226508763962649,5.18368202098104e-05,0.000199230375544955,0.0248282724418853,3.72560802269066e-07,3.84717840963567e-05,0.0205731465755918
30,0.0317000509695219,0.249035785789934,0.0230961206864525,0.00207793966218289,0.018883088598842,0.03026941605749,0.387341591542252,0.162624131637749,0.00780759559363638,0.00599426003705098,9.98510317475801,1.92223617688784,0.00237340113466436,78.7330030825513,14.4215942373164,2.51447473822148,0.000219852550901666,0.0141636390585866,76.2043647052571,0.000550738295988608,0.0393109748280869,100.757993830401,23.5522456514602,0.0297028085469825,23.5488902202515,0.000133886728860895,3.35873,1.26513368033829e-05,1.00528528171918,99.7566103567173,100.761895638436,0.000588581809203286,3.63743558087631e-07,0.0588581809203286,0.0135316119207745,8.36253616703865e-06,0.0588581809203286,0.0134279771432863,8.29848987455094e-06,0.0588581809203286,0.0483241781902998,2.98643421216053e-05,0.0588581809203286,0.0439141595321907,0.0588581809203286,2.71389505908938e-05,0.0439962442696076,0.0588581809203286,2.71896789586175e-05,0.0112599299866934,0.0588581809203286,6.95863673177651e-06,0.0511075209420958,0.0588581809203286,3.15844479422152e-05,0.0453929976374208,0.0588581809203286,2.8052872539926e-05,0.034850349052622,0.0588581809203286,2.15375157145204e-05,0.043121386894338,0.043121386894338,0.00473412038978609,0.411733693563564,0.0132839036435521,0.0679395282645299,8.20945245171519e-06,0.032650311319009,0.0790588123818271,2.01778923951476e-05,3.63743558087631e-05,0.0588581809203286
30,0.00830890046798013,0.0178276665297006,0.00104400024878564,0.000282272226550386,0.00330548094531407,0.00834612973398603,0.0623778418261393,0.015455802260279,0.00138999129709119,0.000943172129017507,-6.75867247852437,70.8066157881884,0.000111034073542335,23.3515565451006,69.8028580364662,5.75620769467209,0.00129296786996595,0.00324949508423405,17.5920993553443,0.000192501049252093,0.00488848784052277,35.2182146659538,17.4937521060868,0.00467334637195978,17.4925792730893,3.94654861112855e-05,1.173986,1.99052149755507e-06,0.133728555440432,35.0858514614311,35.2195800168715,0.000154273180022194,1.07219860115425e-07,0.0154273180022194,0.000968684336541002,6.73235613895996e-07,0.0154273180022194,0.000606976888828858,4.21848937736057e-07,0.0154273180022194,0.00656447038489269,4.56230691750042e-06,0.0154273180022194,0.00768716498910249,0.0154273180022194,5.34257966742623e-06,0.0121310025203285,0.0154273180022194,8.43104675162833e-06,0.00181330935541103,0.0154273180022194,1.26025000201066e-06,0.00485726029549936,0.0154273180022194,3.37579590537205e-06,0.00808134475053015,0.0154273180022194,5.61653460161845e-06,0.00548355888963667,0.0154273180022194,3.81107342829749e-06,0.00201733418499881,0.00201733418499881,0.0278416853997835,0.0944620664021527,0.00209004757243282,0.0172799748709645,1.45258306284081e-06,0.00406020584761027,0.021705825836495,2.82184306408914e-06,1.07219860115425e-05,0.0154273180022194
30,0.0903410507771808,0.713800738898293,0.110956862119479,0.00374525529988715,0.0683855937090349,0.102630813170414,1.12252408989319,0.195400903187385,0.0280741161638551,0.0215988822851837,15.5782644924214,894.922134880146,0.00463971810333938,797.343459305102,983.26289929132,72.7636538042819,0.00115388537630547,0.133659665076539,724.446145835743,0.0051728223127902,0.139812570917446,946.37181121077,219.186049116122,0.0330626545882234,219.154533149196,0.00134595557782935,31.54695,1.40823982401497e-05,2.77630557745637,943.632194951865,946.408500529321,0.00167738213300926,3.65669304996019e-06,0.167738213300926,0.0387850868777599,8.45514893935166e-05,0.167738213300926,0.0645098035578366,0.000140631371756084,0.167738213300926,0.0870989604624918,0.000189875733808232,0.167738213300926,0.159036264439616,0.167738213300926,0.000346699056478363,0.149172693561648,0.167738213300926,0.000325196471964394,0.032631514241081,0.167738213300926,7.11367010455565e-05,0.0614082033901272,0.167738213300926,0.000133869883390477,0.163221605603809,0.167738213300926,0.000355823100216303,0.125574897006882,0.167738213300926,0.000273753275475003,0.0842972039124161,0.0842972039124161,0.0248467996620472,3.88545538013195,0.0147865181521572,0.192032703274768,3.22346095717026e-05,0.116123397771965,0.221525447264838,0.000253149007142884,0.000365669304996019,0.167738213300926
30,0.00244379485655701,0.00524343262235357,0.000307058972250127,8.30212635295196e-05,0.00097220051723275,0.00245474464337046,0.0183464285804477,0.00454582531264981,0.000408821070318611,0.000277403635610191,-1.98784555291189,20.8254803756996,3.26570886759256e-05,6.86810649219976,20.5302594902729,1.6930049522885,0.000380284803278242,0.000955733659812868,5.17414580625145,5.66179556623803e-05,0.00143779079275827,10.3582984311612,5.14522218199321,0.00137451391167361,5.14487723111356,1.16074987709809e-05,0.34529,5.85447615501153e-07,0.039331937184952,10.3193679882447,10.3586999254296,4.53744758762986e-05,3.15352607340276e-08,0.00453744758762986,0.000284907227904454,1.98010523393596e-07,0.00453744758762986,0.000178522658284957,1.24073247508045e-07,0.00453744758762986,0.00193072705882604,1.3418553058841e-06,0.00453744758762986,0.002260931435425,0.00453744758762986,1.57134734762038e-06,0.00356794279559661,0.00453744758762986,2.47972024293964e-06,0.000533326412222316,0.00453744758762986,3.7066185649451e-07,0.00142860632075733,0.00453744758762986,9.92881392926341e-07,0.0023768666878989,0.00453744758762986,1.65192234808974e-06,0.00161281183494297,0.00453744758762986,1.12090422528537e-06,0.000593333733210857,0.000593333733210857,0.00818873392072012,0.0277829552271183,0.000614719996276211,0.00508234655920672,4.27230397411966e-07,0.00119417839930089,0.00638406753888741,8.2995398751412e-07,3.15352607340276e-06,0.00453744758762986
30,0.00168844013621351,0.00362273538114656,0.000212149842095181,5.73601475288686e-05,0.000671702196826775,0.00169600544370617,0.0126757146935995,0.00314075213371505,0.000282458202988532,0.000191660699767444,-1.37342061893589,14.3885140907446,2.25630801804483e-05,4.74523733073478,14.1845434747445,1.16971274517557,0.000262742239788982,0.00066032505728041,3.57486426050193,3.91178602758264e-05,0.00099338275191436,7.1566425524402,3.55488084696689,0.000949664181435793,3.55464251726776,8.0197266777069e-06,0.238564,4.04491090142173e-07,0.0271747937751412,7.12974510746882,7.15691990124396,3.13496388715422e-05,2.17879990157218e-08,0.00313496388715422,0.000196845000062299,1.36807275043298e-07,0.00313496388715422,0.000123342931450687,8.57233373582274e-08,0.00313496388715422,0.00133395691927601,9.27100058896829e-07,0.00313496388715422,0.00156209813215529,0.00313496388715422,1.08565820184793e-06,0.00246512419143339,0.00313496388715422,1.7132613130462e-06,0.000368480078302312,0.00313496388715422,2.56093654420107e-07,0.000987037125617552,0.00313496388715422,6.85990802304199e-07,0.00164219885458449,0.00313496388715422,1.14132820393622e-06,0.00111430639399677,0.00313496388715422,7.74442943827752e-07,0.000409939683511053,0.000409939683511053,0.005657670968755,0.0191954958511747,0.000424715644649281,0.00351143953068128,2.95177373031251e-07,0.00082506873082588,0.00441081039893216,5.73422767923987e-07,2.17879990157218e-06,0.00313496388715422
30,0.00533191540467818,0.011440215244543,0.000669946767377898,0.000181137280300421,0.0021211645078804,0.00535580584574036,0.0400285665985627,0.00991816311686722,0.000891973136263934,0.000605244222548027,-4.33711683237721,45.4374064244609,7.12518210045033e-05,14.9849579456696,44.7932859956735,3.69382611574213,0.000829712152331304,0.00208523727846678,11.289046592649,0.000123530085081557,0.00313699782316128,22.5999238498097,11.2259383142139,0.00299893915049388,11.225185694108,2.53254487956372e-05,0.75336,1.2773401271377e-06,0.0858151258840971,22.5149849068629,22.600800032747,9.899884446311e-05,6.88041969018615e-08,0.009899884446311,0.000621615694661104,4.32022907789467e-07,0.009899884446311,0.000389503934522034,2.70705234492814e-07,0.009899884446311,0.00421249489070745,2.92768394904168e-06,0.009899884446311,0.00493294071600093,0.009899884446311,3.42839379762065e-06,0.00778460151997145,0.009899884446311,5.41029805638016e-06,0.00116362112205124,0.009899884446311,8.08716679825613e-07,0.00311695886765155,0.009899884446311,2.16628641301783e-06,0.0051858903271159,0.009899884446311,3.60419377734555e-06,0.00351886175900015,0.009899884446311,2.44560892250511e-06,0.00129454616650624,0.00129454616650624,0.0178663254162641,0.0606173627461272,0.00134120713349458,0.0110887550452106,9.32138957778734e-07,0.00260547991956917,0.0139288734308729,1.81080854410058e-06,6.88041969018614e-06,0.009899884446311
30,0.0140232279910066,0.110800022975249,0.0172233260658638,0.000581358845209596,0.0106151828391659,0.0159309115801723,0.174244278791868,0.0303311882192258,0.00435781660966895,0.00335269567965387,2.41813162956597,138.914759968946,0.000720201978662396,123.767971035683,152.628882077206,11.296169592792,0.000179114097537018,0.0207471193911705,112.4510543235,0.00080294555303012,0.021702413300417,146.899505023761,34.0231922570071,0.00513215650363776,34.0183002263264,0.000208926526438361,4.89684,2.185942799062e-06,0.430952886947976,146.474246580507,146.905199467455,0.000260372354282726,5.67611732336343e-07,0.0260372354282726,0.00602043158961361,1.31245408653577e-05,0.0260372354282726,0.0100135616661999,2.18295644323157e-05,0.0260372354282726,0.0135199731444092,2.94735414548121e-05,0.0260372354282726,0.0246864717189904,0.0260372354282726,5.38165083473992e-05,0.0231553947386225,0.0260372354282726,5.04787605301971e-05,0.00506524066255429,0.0260372354282726,1.10422246443683e-05,0.00953211446235883,0.0260372354282726,2.07800095279422e-05,0.0253361430794707,0.0260372354282726,5.5232791913246e-05,0.0194924167421737,0.0260372354282726,4.24934684979386e-05,0.0130850650193022,0.0130850650193022,0.0038568927118221,0.603113935789841,0.0022952399390151,0.0298083108963,5.00362306705292e-06,0.0180252602162932,0.0343862986107306,3.92950672715192e-05,5.67611732336343e-05,0.0260372354282726
30,0.00898925461186773,0.0710257023678191,0.0110406008779548,0.000372666170998717,0.00680460884997289,0.0102121295100645,0.111695123813567,0.0194430821318717,0.00279347401905348,0.00214916530771987,1.55008493138835,89.0479856701806,0.000461668228087733,79.3384950534024,97.8391541466998,7.24119836200932,0.000114816878536641,0.0132994332869876,72.0839972581061,0.000514708687839821,0.0139118103112073,94.1663493742065,21.8097506748459,0.00328984572909344,21.8066147577395,0.000133927348434469,3.139,1.40124615771933e-06,0.276252018131077,93.893747932952,94.1699999510831,0.000166905464850169,3.63853913373368e-07,0.0166905464850169,0.00385925355182673,8.41317274298227e-06,0.0166905464850169,0.00641895399881091,1.39933197174078e-05,0.0166905464850169,0.00866665513950504,1.8893308204121e-05,0.0166905464850169,0.015824671744123,0.0166905464850169,3.44977844021882e-05,0.0148432114971867,0.0166905464850169,3.23582010638671e-05,0.0032469512736502,0.0166905464850169,7.07835377655744e-06,0.00611033379380003,0.0166905464850169,1.33205276704841e-05,0.0162411280177528,0.0166905464850169,3.5405659078701e-05,0.0124951471379062,0.0166905464850169,2.72394207606355e-05,0.00838786751612887,0.00838786751612887,0.00247237033885963,0.386611432761269,0.00147130846560529,0.0191079021507181,3.20745245501954e-06,0.0115546597269164,0.0220425100635156,2.51891582046777e-05,3.63853913373368e-05,0.0166905464850169
30,0.0328106774353813,0.259243008528792,0.0402980680535086,0.00136022729977798,0.0248367451685756,0.0372741569518683,0.407685935796458,0.0709670293837545,0.0101961485040458,0.00784442901125672,5.65780053008821,325.02407146562,0.00168508397107462,289.584612036614,357.110721944048,26.4292690273664,0.000419079027183801,0.0485429698438027,263.106800039418,0.00187868671061535,0.0507779882275116,343.70717521585,79.6053831328847,0.0120079055369475,79.5939370354478,0.000488833303648775,11.45735,5.11453511242333e-06,1.0083169727542,342.712183172303,343.720500145057,0.000609203054741758,1.32806265933703e-06,0.0609203054741758,0.0140862317174958,3.07079851441408e-05,0.0609203054741758,0.0234291093334352,5.10754583468888e-05,0.0609203054741758,0.0316331930180924,6.89603607794415e-05,0.0609203054741758,0.0577598724850595,0.0609203054741758,0.00012591652201743,0.0541775537091109,0.0609203054741758,0.000118107067085862,0.0118513353429203,0.0609203054741758,2.58359110475662e-05,0.0223026490835181,0.0609203054741758,4.86197750020694e-05,0.0592799331630569,0.0609203054741758,0.000129230254295464,0.0456071454142833,0.0609203054741758,9.94235770031375e-05,0.0306156244744662,0.0306156244744662,0.0090240961925883,1.41113284429659,0.00537026186804449,0.0697436606239545,1.1707170872337e-05,0.0421744088268368,0.0804549725356961,9.19402112425043e-05,0.000132806265933703,0.0609203054741758
30,0.000549275810687866,0.00134571012656417,9.38280349330712e-05,2.09391249438651e-05,0.000234637120715454,0.00056207051403593,0.00450348295479745,0.00124532126422822,0.000102050431223377,8.78720925831767e-05,-0.0414303293925465,0.0414740217203037,4.30962040770692e-05,84.7393977709257,0,0,4.36923277572265e-05,0.0155883202602917,84.7238094506655,0.000463237819055839,0.000655628196271542,84.7497144367853,0.00282232539586658,0.000686431653482416,0,0.000142647171861966,2.8251,2.9237228617532e-07,0.0263682411075103,84.7266317760613,84.7530000171688,1.01985246243641e-05,3.87543935725836e-07,0.00101985246243641,7.31205241558448e-05,2.7785799179221e-06,0.00101985246243641,5.45511831006228e-05,2.07294495782367e-06,0.00101985246243641,0.000486956394043374,1.85043429736482e-05,0.00101985246243641,0.000545667722594078,0.00101985246243641,2.0735373458575e-05,0.000816962956447573,0.00101985246243641,3.10445923450078e-05,0.000130915202174344,0.00101985246243641,4.97477768262509e-06,0.000391364319367762,0.00101985246243641,1.4871844135975e-05,0.00059331646060103,0.00101985246243641,2.25460255028391e-05,0.000510884259204516,0.00101985246243641,1.94136018497716e-05,0.000782997893842099,0.000782997893842099,0.000940833931034162,0.453148844775921,0.000306990900484086,0.00118239971539329,1.16656542183953e-05,0.000544541691255433,0.00129618279246311,2.06925842677065e-05,3.87543935725836e-05,0.00101985246243641
30,0.000408905325734297,0.00100180642755332,6.98497593390636e-05,1.55880152359883e-05,0.000174674300977059,0.000418430271560078,0.00335259286634919,0.000927072496703222,7.59708765774024e-05,6.54158911452533e-05,-0.0308425786804039,0.0308751051910928,3.20827297018179e-05,63.083773874851,0,0,3.25265106889985e-05,0.0116046384159948,63.0721692364349,0.00034485482085268,0.000488078768335478,63.0914540807183,0.00210106446136735,0.000511010230925795,0,0.000106192894608351,2.10313,2.17654924152737e-07,0.0196296906022828,63.0742703008963,63.0938999914986,7.59223499813766e-06,2.88504929929231e-07,0.000759223499813766,5.44341679826841e-05,2.06849838334199e-06,0.000759223499813766,4.061032519713e-05,1.54319235749094e-06,0.000759223499813766,0.000362511982232286,1.37754553248269e-05,0.000759223499813766,0.000406219304597811,0.000759223499813766,1.54363335747168e-05,0.000608183534244299,0.000759223499813766,2.31109743012834e-05,9.74590949520112e-05,0.000759223499813766,3.70344560817643e-06,0.00029134899330711,0.000759223499813766,1.10712617456702e-05,0.000441691142891874,0.000759223499813766,1.67842634298912e-05,0.000380324948518915,0.000759223499813766,1.44523480437188e-05,0.000582898432082447,0.000582898432082447,0.000700398593647686,0.33734413999985,0.000228537670360374,0.000880230899237221,8.68443147369419e-06,0.000405381036823487,0.00096493607883364,1.54044793992925e-05,2.88504929929231e-05,0.000759223499813766
30,0.00173327033594838,0.00424646306604693,0.000296079576899914,6.60745720450854e-05,0.00074041046981321,0.00177364473318005,0.0142109906573608,0.00392968043378683,0.000322025805193768,0.000277285269929136,-0.130735700985177,0.130873574551862,0.000135992466198752,267.399877443398,0,0,0.00013787356668542,0.0491898105991426,267.350687632799,0.00146177267346509,0.00206887119712353,267.432432222745,0.00890600458251226,0.00216607321765562,0,0.000450131075653314,8.91476,9.2259699193101e-07,0.0832064497161285,267.359593637382,267.442800087098,3.21820110368823e-05,1.22291641940153e-06,0.00321820110368823,0.00023073587622511,8.7679632965542e-06,0.00321820110368823,0.000172139288895299,6.54129297802135e-06,0.00321820110368823,0.00153661795453687,5.8391482272401e-05,0.00321820110368823,0.00172188481351909,0.00321820110368823,6.54316229137255e-05,0.00257797199590123,0.00321820110368823,9.79629358442468e-05,0.000413110193527932,0.00321820110368823,1.56981873540614e-05,0.00123497185222716,0.00321820110368823,4.69289303846321e-05,0.00187224305345214,0.00321820110368823,7.11452360311813e-05,0.0016121236623787,0.00321820110368823,6.12606991703904e-05,0.00247079335390174,0.00247079335390174,0.00296885371846297,1.42993635462624,0.00096872684152756,0.00373112799079661,3.68116199780473e-05,0.0017183315590727,0.00409017681177247,6.52965992447626e-05,0.000122291641940153,0.00321820110368823
30,0.00248711954006348,0.00615723674829771,0.000107463357513343,0.000103270068051433,0.00114050749134109,0.00263412372815183,0.0219062586800668,0.00574849375427098,0.000488074020026445,0.000425128863605272,0.838091456163254,0.834611366106303,0.000192964197486384,45.3902342097983,3.85508270465599,2.18239442094638,1.45385599446835e-05,0.00795665829219479,43.1998831305597,0.000241913083284716,0.00320430487372892,44.2581842058771,1.00028897524696,0.00684338258061764,0.998815094205799,7.64888741762567e-05,1.47533,2.91480644885324e-06,0.0597279267128218,44.2001721058067,44.2599000325195,4.61788947911425e-05,2.07805026560141e-07,0.00461788947911425,0.000334559701602788,1.50551865721255e-06,0.00461788947911425,6.24786962286879e-05,2.81154133029095e-07,0.00461788947911425,0.0024016294895682,1.08073327030569e-05,0.00461788947911425,0.00265234300311882,0.00461788947911425,1.19355435140347e-05,0.00382866820952301,0.00461788947911425,1.72290069428535e-05,0.000636809845350779,0.00461788947911425,2.86564430407851e-06,0.00180656623327183,0.00461788947911425,8.12954804972325e-06,0.00283763965131654,0.00461788947911425,1.27693784309244e-05,0.00247167943956553,0.00461788947911425,1.11225574780449e-05,0.00350589021595902,0.00350589021595902,0.000313061152986294,0.231298206168453,0.0030605467712959,0.0053185087919166,1.37724604708316e-05,0.00266138278548913,0.00583647211967642,1.19762225347011e-05,2.07805026560141e-05,0.00461788947911425
30,0.00206378021924752,0.0051091968848576,8.91717297690895e-05,8.5692191409285e-05,0.000946378637061123,0.00218576242823919,0.0181775353429483,0.0047700271375897,0.000404997625499533,0.000352766533818212,0.695437586136141,0.692549920787125,0.000160119241385177,37.6642401145797,3.19890173365431,1.810926290655,1.20639239605449e-05,0.00660233346527711,35.8467114904594,0.00020073638825753,0.00265889145696184,36.724876255939,0.830027083347757,0.0056785519207523,0.828804075676446,6.34694967309222e-05,1.22421,2.41866935886886e-06,0.049561474623765,36.6767385738072,36.726300048431,3.83186606359259e-05,1.72433972861666e-07,0.00383186606359259,0.000277613393004651,1.24926026852093e-06,0.00383186606359259,5.18440289355171e-05,2.33298130209827e-07,0.00383186606359259,0.00199284166068105,8.96778747306471e-06,0.00383186606359259,0.00220088055130494,0.00383186606359259,9.90396248087222e-06,0.00317698027360348,0.00383186606359259,1.42964112312156e-05,0.000528416725085708,0.00383186606359259,2.37787526288568e-06,0.00149906572520104,0.00383186606359259,6.74579576340466e-06,0.00235463735755542,0.00383186606359259,1.05958681089994e-05,0.00205096821987333,0.00383186606359259,9.22935698942997e-06,0.00290914319377139,0.00290914319377139,0.000259774417755059,0.191928298409218,0.0025396028268123,0.00441323102429124,1.14282127206554e-05,0.00220838160877229,0.00484303038235694,9.9377172394753e-06,1.72433972861666e-05,0.00383186606359259
30,0.00529174072334552,0.0131004963450269,0.000228645312804821,0.000219723425355132,0.00242661031767546,0.00560451541554613,0.0466090347834637,0.0122308308898561,0.00103845477717367,0.000904528987839564,1.78317340167996,1.77576778372529,0.000410561889867005,96.574911946488,8.20224727451053,4.64333702199891,3.09328936382407e-05,0.016929060386836,91.9146458641023,0.000514708687839821,0.00681766690749615,94.1663493742059,2.12827337765764,0.0145603813741787,2.12513746057153,0.000162742193867778,3.139,6.20171282655197e-06,0.127080635311811,94.0429192417599,94.1699998770717,9.82529123305187e-05,4.42138105487334e-07,0.00982529123305187,0.000711828751631541,3.20322938234194e-06,0.00982529123305187,0.000132933321398152,5.98199946291683e-07,0.00982529123305187,0.00510984710128215,2.29943119557697e-05,0.00982529123305187,0.00564327980854759,0.00982529123305187,2.53947591384641e-05,0.00814609798771239,0.00982529123305187,3.66574409447058e-05,0.00135491380184487,0.00982529123305187,6.09711210830193e-06,0.00384375577933881,0.00982529123305187,1.72969010070247e-05,0.00603752777426552,0.00982529123305187,2.71688749841948e-05,0.00525888946418351,0.00982529123305187,2.36650025888258e-05,0.00745933666182785,0.00745933666182785,0.000666082981012936,0.492123848454534,0.00651179846787957,0.011315970638783,2.93030931054581e-05,0.00566251404277089,0.0124180202555246,2.5481313192469e-05,4.42138105487334e-05,0.00982529123305187
30,0.03330776670955,0.0568075993426754,0.0165275645563368,0.00105794231193596,0.0119707481979809,0.0313224020526285,0.182142202726229,0.0198910900759967,0.0051234109612817,0.00274788400433531,-3.25242278985509,346.326406314606,0.0017934035427164,330.772296066237,431.90085484128,88.8289603025675,0.00208898603871423,0.0445758773386363,241.89875988633,0.00138456637028912,0.00314640895355456,253.307479816613,10.9511777285839,0.0529168469495069,10.9427421115942,0.000557700063418294,8.44391,2.25389074663544e-05,0.467362400195786,252.849937614914,253.31730001511,0.000618432620479903,1.51515992017576e-06,0.0618432620479903,0.00308669850807843,7.56241134479215e-06,0.0618432620479903,0.00960904916066091,2.35421704436192e-05,0.0618432620479903,0.0246033095799061,6.02781084707699e-05,0.0618432620479903,0.02783894929763,0.0618432620479903,6.82054257791935e-05,0.0455267471695182,0.0618432620479903,0.00011154053056532,0.00529483147459968,0.0618432620479903,1.29723371127692e-05,0.00625112824512781,0.0618432620479903,1.53152642005631e-05,0.0297872730307075,0.0618432620479903,7.29788189252335e-05,0.0159760697926472,0.0618432620479903,3.91413709919856e-05,0.032583639947609,0.032583639947609,0.0449824728405304,1.29581038775105,0.0236658528396722,0.0690526388792915,5.79813394571968e-05,0.00261329647305196,0.0746534599324932,6.4025763589773e-06,0.000151515992017576,0.0618432620479903
30,0.0307075733411705,0.0523728756227561,0.0152373290347061,0.000975353328783418,0.011036243631813,0.0288771975209297,0.167923148300855,0.0183382786564723,0.00472344841437255,0.00253336857832508,-2.99852883704834,319.290212036385,0.00165340027126473,304.950331515272,398.184535367669,81.8947780777859,0.00192590945323261,0.0410959739106491,223.014457463576,0.00127647754584276,0.00290078173949099,233.53254644803,10.0962651023945,0.0487858503398829,10.0884880279208,0.000514162830223093,7.78472,2.07793893602023e-05,0.43087737252077,233.11072256597,233.541599938491,0.00057015425908198,1.39687793475085e-06,0.057015425908198,0.0028457332983458,6.97204658094721e-06,0.057015425908198,0.00885891222948027,2.17043349622267e-05,0.057015425908198,0.0226826355531027,5.55724571051017e-05,0.057015425908198,0.0256656828646814,0.057015425908198,6.28809230184693e-05,0.0419726708153048,0.057015425908198,0.000102833043497497,0.00488148686921089,0.057015425908198,1.19596428295667e-05,0.00576312968462359,0.057015425908198,1.41196677273278e-05,0.0274619093858869,0.057015425908198,6.7281677995423e-05,0.0147288870832853,0.057015425908198,3.60857733540491e-05,0.0300399758587343,0.0300399758587343,0.041470918458928,1.19465040437933,0.0218183588282124,0.0636619885752752,5.34549791291204e-05,0.00240928715904568,0.0688255711697471,5.9027535396619e-06,0.000139687793475085,0.057015425908198
30,0.0642619136729353,0.109601015185417,0.031887245278401,0.00204112746775909,0.0230956099220706,0.0604314757662172,0.351413729111872,0.0383766202180642,0.00988478740636956,0.00530159485652953,-6.27480515359919,668.180139253192,0.00346008041483543,638.171325288695,833.274580400792,171.37327662186,0.00403032051463296,0.0860033280168444,466.712045338856,0.00267133808988867,0.00607050051013815,488.723353252139,21.1285524067635,0.102094618959474,21.1122769967432,0.00107599148400728,16.29141,4.34852282815718e-05,0.901701296875456,487.840597745619,488.742299042494,0.00119316506616494,2.92325441210411e-06,0.119316506616494,0.00595528228566706,1.45904415998843e-05,0.119316506616494,0.0185390960920936,4.54207854256293e-05,0.119316506616494,0.0474680806455603,0.000116296797581623,0.119316506616494,0.0537107207490013,0.119316506616494,0.000131591265835053,0.087836447334618,0.119316506616494,0.000215199295969814,0.0102155153811591,0.119316506616494,2.50280126838397e-05,0.0120605343237159,0.119316506616494,2.95483090931041e-05,0.0574696942230788,0.119316506616494,0.000140800750846543,0.0308232259100554,0.119316506616494,7.55169034796357e-05,0.0628648331183763,0.0628648331183763,0.0867855407974368,2.50009674467571,0.0456594896956503,0.133226056746246,0.000111865749754343,0.00504194394529747,0.144032092869494,1.23527626659788e-05,0.000292325441210411,0.119316506616494
30,0.00617381622970969,0.0342250523609697,0.00312830947451487,0.000311258045377021,0.00301074310071877,0.011188048104746,0.0028901796075828,0.0231847022050196,1.64851954269297e-05,1.61531731383088e-05,-1.75598991400505,90.0772622682926,0.000207367266415426,46.7155432490258,105.433304501586,17.1125185040201,0.000486356722091883,0.00546343619105384,29.5975613088147,0.000195589301379132,0.000133653945969783,35.7832127621973,6.06179293297006,0.0345357053369444,6.06060128446838,7.89013438126409e-05,1.19282,1.47098157155398e-05,0.125245757604871,35.6593542417847,35.7845999993896,0.000114630602003286,2.14359225746144e-07,0.0114630602003286,0.0018596529211568,3.47755096256321e-06,0.0114630602003286,0.00181878457820632,3.40112716124582e-06,0.0114630602003286,0.00723855919481445,1.3536105694303e-05,0.0114630602003286,0.00700172814120645,0.0114630602003286,1.30932316240561e-05,0.0162616978266658,0.0114630602003286,3.0409374935865e-05,8.40168490576395e-05,0.0114630602003286,1.57111507737786e-07,0.00728620433847252,0.0114630602003286,1.36252021129436e-05,9.58441594588937e-05,0.0114630602003286,1.79228578188131e-07,9.39137973157487e-05,0.0114630602003286,1.7561880098045e-07,0.00376757388109423,0.00376757388109423,0.0104727976333308,0.158820819507379,0.0154453065013168,0.0126207392656274,2.88827231574624e-05,0.000111008260772245,0.0138339514454774,2.07585447644098e-07,2.14359225746144e-05,0.0114630602003286
30,0.0053614732785799,0.0297217631468058,0.00271669046027444,0.000270303104423693,0.00261459332163043,0.00971593884903877,0.00250989342082836,0.0201340883367839,1.4316094209012e-05,1.4027758994276e-05,-1.52493919489607,78.2250106045586,0.00018008214074963,40.5687709508813,91.5605312338868,14.8608821867796,0.000422362555326794,0.00474456279976144,25.7031442013019,0.000169853866987141,0.000116067923581121,31.0748952934876,5.26418972215552,0.0299915400136104,5.26315486951356,6.85196045291765e-05,1.03587,1.27743163870902e-05,0.108766076676114,30.9673339234575,31.0761000001336,9.95476520001705e-05,1.86154109240319e-07,0.00995476520001705,0.00161496213577515,3.01997919389953e-06,0.00995476520001705,0.00157947119783398,2.95361113994954e-06,0.00995476520001705,0.00628611870752775,1.17550419830769e-05,0.00995476520001705,0.00608044958518704,0.00995476520001705,1.13704407242998e-05,0.0141220041410447,0.00995476520001705,2.64081477437536e-05,7.29620180473362e-05,0.00995476520001705,1.36438973748519e-07,0.00632749476328846,0.00995476520001705,1.18324152073494e-05,8.32331058663489e-05,0.00995476520001705,1.55645907970072e-07,8.15567383388139e-05,0.00995476520001705,1.52511100693582e-07,0.00327184122001509,0.00327184122001509,0.00909480093296283,0.137923337202367,0.0134130322064447,0.0109601180283842,2.50823702260516e-05,9.64019298846516e-05,0.0120136970708042,1.80271608884299e-07,1.86154109240319e-05,0.00995476520001705
30,0.0125100778366002,0.0693506338813688,0.00633893098968955,0.000630705908639863,0.0061007048371069,0.0226704759944858,0.00585640558567706,0.0469794400110983,3.34041491144537e-05,3.27313683708116e-05,-3.5581794363757,182.524620545002,0.000420190820547969,94.6602662328975,213.640624508237,34.6751689093898,0.000985509779632215,0.0110706508090047,59.9740266726987,0.000396325689636662,0.000270824680013648,72.5080890181387,12.283086306602,0.0699801279717736,12.2806716504499,0.000159878738819362,2.41703,2.98066819881479e-05,0.25378701905158,72.2571129793007,72.5108999983523,0.000232277363005487,4.34358668820262e-07,0.0232277363005487,0.00376823700724673,7.04660320355138e-06,0.0232277363005488,0.00368542499400555,6.89174473879038e-06,0.0232277363005487,0.0146675792706945,2.74283732361987e-05,0.0232277363005487,0.0141876856676905,0.0232277363005487,2.65309721985812e-05,0.0329512732477992,0.0232277363005487,6.16188809733845e-05,0.000170244348420845,0.0232277363005487,3.1835693154698e-07,0.0147641231964482,0.0232277363005488,2.76089103773582e-05,0.00019421016927008,0.0232277363005487,3.63173016535049e-07,0.000190298653318672,0.0232277363005487,3.55858481705916e-07,0.00763428089658375,0.00763428089658375,0.0212211408189538,0.32182124444781,0.0312970160875553,0.0255735604728533,5.85254200837284e-05,0.0002249374418718,0.0280319106657188,4.20633016300267e-07,4.34358668820262e-05,0.0232277363005487
30,0.0213308790608322,0.16757551063914,0.0155413175079994,0.00139824001142287,0.0127063795444412,0.0203682086752831,0.260641115446846,0.109429340907776,0.00525371008153479,0.00403352146128876,6.71894849525497,1.29346786874479,0.0015970552475263,52.9792282313961,9.70426272416362,1.69199429851284,0.000147938348975551,0.00953067259372535,51.2777032602896,0.000370590255244671,0.0264522481066224,67.7997715494282,15.8482429635165,0.019986939431747,15.8459851032683,9.00920198496849e-05,2.26008,8.51305027333971e-06,0.676453759340255,67.125946223806,67.8023999831463,0.000396055116806977,2.44762062186712e-07,0.0396055116806977,0.00910538527706695,5.62712810122738e-06,0.0396055116806977,0.00903564971395311,5.58403152322302e-06,0.0396055116806977,0.0325172095679737,2.00956355130077e-05,0.0396055116806977,0.0295497198707936,0.0396055116806977,1.82617268801504e-05,0.0296049544698882,0.0396055116806977,1.82958618623909e-05,0.00757677661182691,0.0396055116806977,4.68244794610903e-06,0.0343901134216768,0.0396055116806977,2.12530900945963e-05,0.0305448260554348,0.0396055116806977,1.88767025022587e-05,0.0234507061702835,0.0396055116806977,1.44925364132352e-05,0.0290162653983703,0.0290162653983703,0.00318558029663115,0.277054435864109,0.0089387027870067,0.0457163245790967,5.52411832237014e-06,0.0219703057363974,0.0531984599538556,1.35776489450936e-05,2.44762062186712e-05,0.0396055116806977
30,0.0204420927324714,0.160593200046154,0.0148937628298057,0.00133998003055777,0.0121769472416348,0.019519533599485,0.249781072625486,0.104869786571407,0.00503480556848949,0.0038654581236401,6.4389924576809,1.23957343804701,0.00153051130174864,50.7717621238325,9.29991961180511,1.6214954903434,0.000141774266206339,0.00913356120134548,49.1411330722877,0.000355148994609476,0.0253500713783864,64.9747810682016,15.187899988321,0.0191541505219945,15.1857362054899,8.63381869528568e-05,2.16591,8.15833994462667e-06,0.648268195220375,64.3290330606088,64.9773012558292,0.000379552825828179,2.34563646361815e-07,0.0379552825828179,0.00872599435156238,5.39266450926555e-06,0.0379552825828179,0.00865916443593355,5.35136362140693e-06,0.0379552825828179,0.0311623262920412,1.92583176484815e-05,0.0379552825828179,0.0283184819572901,0.0379552825828179,1.75008218496053e-05,0.0283714151155305,0.0379552825828179,1.75335345413978e-05,0.00726107769260135,0.0379552825828179,4.48734601402763e-06,0.0329571925114416,0.0379552825828179,2.03675449720709e-05,0.0292721253981947,0.0379552825828179,1.80901734960843e-05,0.0224735937420936,0.0379552825828179,1.38886809326138e-05,0.0278072547556075,0.0278072547556075,0.00305284810952496,0.265510500039113,0.008566256941858,0.0438114782551196,5.29394679006824e-06,0.0210548765601216,0.0509818580112609,1.30119137141551e-05,2.34563646361815e-05,0.0379552825828179
30,0.0388103382318815,0.304894244102078,0.0282765556606641,0.00254401928855876,0.0231185450171122,0.0370588134511902,0.474221893002111,0.199100549068368,0.00955883086932921,0.00733876610203154,12.2247521667277,2.35339136205098,0.00290575244369651,96.3927311584661,17.6563294391268,3.07845507539173,0.00026916504318602,0.0173405305834565,93.2969355524894,0.000674268381070165,0.0481283855477392,123.357917680209,28.8349896321751,0.0363651172020053,28.8308815808082,0.000163917377825274,4.11209,1.54890183158724e-05,1.2307696913723,122.131925184664,123.362694876037,0.000720600074563754,4.453308460804e-07,0.0720600074563754,0.0165667378886154,1.02382440151643e-05,0.0720600074563754,0.0164398579422466,1.01598322083084e-05,0.0720600074563754,0.0591632392688084,3.65628818681236e-05,0.0720600074563754,0.0537640581793307,0.0720600074563754,3.32261879548263e-05,0.0538645544348695,0.0720600074563754,3.32882946407493e-05,0.0137855201454102,0.0720600074563754,8.51945144986351e-06,0.0625708827996127,0.0720600074563754,3.86688055701607e-05,0.0555745980774954,0.0720600074563754,3.43451016118922e-05,0.0426672447792531,0.0720600074563754,2.63683572735784e-05,0.0527934673636721,0.0527934673636721,0.00579597422881181,0.50408519137955,0.0162634692316661,0.0831782928567397,1.00508239851696e-05,0.039973742149285,0.0967916216755932,2.47037726482581e-05,4.453308460804e-05,0.0720600074563754
30,0.000427214519423895,0.00104666343177213,7.29773605034997e-05,1.62859860674506e-05,0.000182495538334241,0.000437165955361278,0.00350270896484245,0.000968583205510835,7.9372557618182e-05,6.83449608980262e-05,-0.0322235896512354,0.0322575725728474,3.35192698377204e-05,65.9084204757301,0,0,3.39829216119259e-05,0.0121242490913379,65.8962962266388,0.000360296081487875,0.000509933041544532,65.9164445619446,0.00219514197456286,0.000533891286041878,0,0.000110947800337084,2.1973,2.27400667025248e-07,0.0205086319725309,65.8984913686133,65.9190000005859,7.93218581894984e-06,3.01423061120094e-07,0.000793218581894984,5.68715187878792e-05,2.16111771393941e-06,0.000793218581894984,4.2428697967151e-05,1.61229052275174e-06,0.000793218581894984,0.000378743862033734,1.43922667572819e-05,0.000793218581894984,0.000424408228684282,0.000793218581894984,1.61275126900027e-05,0.000635415632792555,0.000793218581894984,2.41457940461171e-05,0.00010182293502449,0.000793218581894984,3.86927153093062e-06,0.00030439447061937,0.000793218581894984,1.15669898835361e-05,0.000461468358245244,0.000793218581894984,1.75357976133193e-05,0.000397354423825734,0.000793218581894984,1.50994681053779e-05,0.000608998361877187,0.000608998361877187,0.000731759724632342,0.352449101492382,0.000238770700376511,0.000919644223083669,9.07328661430741e-06,0.000423532426532003,0.00100814217191575,1.60942322082161e-05,3.01423061120094e-05,0.000793218581894984
30,0.00370421968666144,0.00917035036357663,0.000160051769962574,0.00015380644675777,0.00169862776362679,0.00392316204096607,0.0326263347445416,0.00856158435097872,0.00072691857564828,0.00063317049324234,1.24822134262886,1.24303787408972,0.000287393415007058,67.6024597999629,5.74159540982667,3.25035784621789,2.16531097947844e-05,0.0118503421952344,64.3402516115498,0.000360296081487875,0.00477236803842535,65.9164445619443,1.48979177244113,0.0101922697732243,1.48759663049503,0.000113919572006993,2.1973,4.34120017600492e-06,0.088956468421143,65.830043383991,65.9189998524121,6.87770605466159e-05,3.09496772459771e-07,0.00687770605466159,0.000498280284915053,2.24226128211774e-06,0.00687770605466159,9.30533546294033e-05,4.18740095832315e-07,0.00687770605466159,0.00357689411064581,1.60960234979062e-05,0.00687770605466159,0.00395029712471347,0.00687770605466159,1.77763370612106e-05,0.00570227040838091,0.00687770605466159,2.56602168377141e-05,0.000948439963504117,0.00687770605466159,4.26797983576853e-06,0.00269062990288458,0.00687770605466159,1.21078345629806e-05,0.00422627078865279,0.00687770605466159,1.90182185489375e-05,0.00368122379792058,0.00687770605466159,1.65655070906426e-05,0.0052215373366108,0.0052215373366108,0.00046625990083515,0.344486691721929,0.00455826018480516,0.00792118163202079,2.05121708316232e-05,0.00396376082925694,0.00869261637039248,1.78369237316562e-05,3.09496772459772e-05,0.00687770605466159
30,0.00487406732032152,0.0270197885784396,0.00246971895668202,0.00024573013039467,0.0023769033627013,0.0088326729556853,0.00228172162096269,0.0183037193114162,1.30146329773878e-05,1.27525100170707e-05,-1.38630867832625,71.1136567445308,0.000163711059391224,36.8807061608175,83.236862918283,13.5098988181135,0.000383966035082615,0.00431323879527811,23.3664941039087,0.000154412606351946,0.000105516306783039,28.2499048122612,4.78562763252554,0.0272650398841191,4.78468685739072,6.22905585618198e-05,0.9417,1.16130163915662e-05,0.0988782646251657,28.1521217364343,28.2510000010594,9.04978785154527e-05,1.69231032823897e-07,0.00904978785154527,0.00146814760804388,2.74543602704206e-06,0.00904978785154527,0.00143588311435001,2.68510142383452e-06,0.00904978785154527,0.00571465419522488,1.06864033450705e-05,0.00904978785154527,0.00552768223884024,0.00904978785154527,1.03367657866312e-05,0.0128381874355891,0.00904978785154527,2.40074105045516e-05,6.63291168884504e-05,0.00904978785154527,1.24035448581402e-07,0.00575226879679956,0.00904978785154527,1.07567426500152e-05,7.56664707987664e-05,0.00904978785154527,1.41496300393693e-07,7.4142500099248e-05,0.00904978785154527,1.38646475185594e-07,0.00297440151510218,0.00297440151510218,0.00826800247809249,0.125384848699945,0.0121936672111445,0.00996374494417214,2.28021576848403e-05,8.76381285573412e-05,0.0109215440977154,1.63883300402228e-07,1.69231032823897e-05,0.00904978785154527
30,0.00592524568667348,0.0465487647637496,0.00431703373625069,0.000388400101701874,0.00352955076882796,0.00565783717840731,0.0724003282127714,0.0303970468521339,0.00145936428174716,0.00112042291236326,1.86637477476504,0.359296843146533,0.000443626572545966,14.7164565928491,2.69563359209441,0.470003068244555,4.10940617159277e-05,0.00264740888144214,14.2438061157231,0.000102941737567964,0.00734784808400088,18.8332698748412,4.40229081367209,0.00555192879175872,4.40166363029056,2.50255674178118e-05,0.6278,2.36473668615671e-06,0.187903868191076,18.6460969293952,18.8340007975863,0.000110015338132715,6.79894789660177e-08,0.0110015338132715,0.00252927432969733,1.56309153575295e-06,0.0110015338132715,0.00250990333502947,1.55112026104821e-06,0.0110015338132715,0.00903256050469475,5.58212239190136e-06,0.0110015338132715,0.00820825760192549,0.0110015338132715,5.07270319798995e-06,0.00822360055001062,0.0110015338132715,5.08218513990656e-06,0.00210466070385963,0.0110015338132715,1.30068031498525e-06,0.00955281170714453,0.0110015338132715,5.90363763501532e-06,0.00848467605666955,0.0110015338132715,5.24352980302178e-06,0.0065140866997864,0.0110015338132715,4.02570558046799e-06,0.00806007580933804,0.00806007580933804,0.000884885049869245,0.0769595605070391,0.00248297352046455,0.0126989817300852,1.53447763564709e-06,0.00610286385714359,0.0147773527780376,3.77156986371474e-06,6.79894789660177e-06,0.0110015338132715
30,0.000518742231435438,0.0016933819978272,0.000560746184636078,1.71679818085987e-05,0.000180001448310391,0.000430759924265812,0.00352441884431614,0.00121188404972328,7.64576772516943e-05,7.0898651248647e-05,0.0959538709500749,0.00194381268141753,4.06848599558406e-05,76.8653438815721,11.0568989031588,10.9590185907162,1.73711888958789e-05,0.012124249091338,65.8942010417645,0.000360296081487875,0.000563632778238164,65.9164445619442,0.00219514197456285,0.00108372259281584,0,0.000129399788258621,2.1973,4.61590677577237e-07,0.0226038153718135,65.8963961837391,65.9189999991109,9.63160095174525e-06,3.51553434738702e-07,0.000963160095174525,9.20116277889156e-05,3.35842441429542e-06,0.000963160095174525,0.000326015223625627,1.18995556623354e-05,0.000963160095174525,0.000399255390897643,1.4572821767764e-05,0.000963160095174525,0.000418608019326491,0.000963160095174525,1.52791927054169e-05,0.000626104541084029,0.000963160095174525,2.28528157495671e-05,0.000102454036171981,0.000963160095174525,3.7395723202773e-06,0.000380856080994118,0.000963160095174525,1.39012469562853e-05,0.000444521379370316,0.000963160095174525,1.62250303470165e-05,0.000412201460747948,0.000963160095174525,1.50453533173001e-05,0.000739187135825592,0.000739187135825592,0.000374056608438392,0.352449101492382,0.000484670211456098,0.00109478131065863,1.76904627181476e-05,0.000468133536742661,0.00118691616149751,1.70868740911071e-05,3.51553434738702e-05,0.000963160095174525
30,0.0111081544014532,0.023833775984282,0.00139572209383868,0.000377369242518548,0.00441909165395699,0.0111579261416059,0.0833928268733524,0.0206628348199777,0.00185827691693587,0.00126092515810588,-9.03565683168223,94.6612395823705,0.000148441256951626,31.218654852369,93.3193131570676,7.69545897275614,0.00172856637681515,0.00434424517393496,23.5188516344389,0.00025735434391991,0.00653541100604878,47.0831746871025,23.3873669350721,0.00624778867537469,23.3857989765189,5.27613388729326e-05,1.5695,2.6611247446012e-06,0.178781471457945,46.9062185695111,47.085000040969,0.000206247542655462,1.43342042145546e-07,0.0206247542655462,0.00129503238341024,9.00047506470115e-07,0.0206247542655462,0.000811466333627142,5.63969101870864e-07,0.0206247542655462,0.00877602889578019,6.09934008256723e-06,0.0206247542655462,0.0102769573347837,0.0206247542655462,7.14248534767467e-06,0.0162179159034969,0.0206247542655462,1.12714515529303e-05,0.00242421008352769,0.0206247542655462,1.68482600805174e-06,0.00649366273412247,0.0206247542655462,4.51309560021511e-06,0.0108039355635807,0.0206247542655462,7.50873521668856e-06,0.0073309602215458,0.0206247542655462,5.09501735397433e-06,0.00269697051147577,0.00269697051147577,0.0372214982087673,0.126286196916714,0.00279418098183126,0.0231015684943329,1.94195578237272e-06,0.00542808223093752,0.0290184813167169,3.77251715050158e-06,1.43342042145546e-05,0.0206247542655462
30,0.0719134469854555,0.568200957962593,0.0883240824969145,0.00298130491220124,0.0544364242551602,0.0816963659212719,0.893553660644608,0.15554338112509,0.0223476088339109,0.0171931814252595,12.4006245903697,712.377652472158,0.00369331652294449,634.702777530601,782.700548161316,57.9231896189315,0.000918520095120823,0.106395688291023,576.67319222336,0.00411766950271857,0.111293791208285,753.330794993671,174.476807444796,0.0263185842003745,174.451720107931,0.00107140999864768,25.112,1.12098918989584e-05,2.20999939438158,751.149999668156,753.359999062537,0.00133523276582234,2.91080742949271e-06,0.133523276582234,0.0308737751555419,6.73048298390814e-05,0.133523276582234,0.05135121075402,0.000111945639443764,0.133523276582235,0.0693326723767731,0.000151145225781365,0.133523276582234,0.126596335477117,0.133523276582234,0.000275980011340114,0.118744717908825,0.133523276582234,0.00025886348504124,0.0259753971117619,0.133523276582234,5.66263657036409e-05,0.0488822693667787,0.133523276582234,0.000106563347219577,0.129927958336691,0.133523276582234,0.000283242949173987,0.0999603571236019,0.133523276582234,0.000217913578529452,0.0671024077569857,0.0671024077569857,0.0197786411524725,3.09289791543673,0.0117703864939063,0.152862162258524,2.56594425567158e-05,0.0924367036613666,0.176338985210224,0.000201512013981779,0.000291080742949271,0.133523276582234
30,0.0160968332114274,0.0274537305288155,0.00798736980399748,0.000511277777674069,0.00578517133373716,0.0151373547803153,0.0880248947223912,0.00961287984687951,0.00247601985556433,0.00132798547821738,-1.5718467646482,167.371164759422,0.000866708263561892,159.854198604575,208.728261888068,42.9299534547082,0.00100956141347,0.0215422378403194,116.902702912026,0.000669121294191767,0.00152058057166244,122.416254186468,5.29243247645797,0.0255733998943418,5.28835578421037,0.00026952287078055,4.0807,1.08924950567944e-05,0.225864649487347,122.195135388484,122.421000037971,0.000298873437873477,7.3223992279002e-07,0.0298873437873477,0.00149172628389565,3.65472939554434e-06,0.0298873437873477,0.0046438196534869,1.13773581510429e-05,0.0298873437873477,0.0118901808761411,2.91309431465458e-05,0.0298873437873477,0.0134538868226446,0.0298873437873477,3.29620227154792e-05,0.022001969157435,0.0298873437873477,5.39048244357157e-05,0.00255886321867416,0.0298873437873477,6.2692148857517e-06,0.00302101817940902,0.0298873437873477,7.40149453955211e-06,0.0143954642765368,0.0298873437873477,3.52688874775151e-05,0.00772084580358943,0.0298873437873477,1.89160722187941e-05,0.0157468797885518,0.0157468797885518,0.0217390485243324,0.626227844195332,0.0114371198096341,0.0333714279973015,2.80209435336035e-05,0.00126294067413824,0.0360781457389663,3.09420465163869e-06,7.3223992279002e-05,0.0298873437873477
30,0.0606712833260087,0.103477065419749,0.0301055474727731,0.00192707960007525,0.0218051441838569,0.0570548708941602,0.331778509306596,0.0362323289996485,0.00933247553755609,0.00500536858048288,-5.92422437482159,630.845648107554,0.0032667486162877,602.513540780378,786.716271980112,161.798653378148,0.00380513077105024,0.0811977410029001,440.633689661227,0.00252207257041512,0.00573130985716767,461.415111933616,19.9479917750196,0.0963900692072172,19.932625781142,0.0010158705281457,15.3811,4.10554856492108e-05,0.85131861587409,460.581681436246,461.433000052121,0.00112649704383885,2.75991775740519e-06,0.112649704383885,0.00562253126601549,1.3775201601738e-05,0.112649704383885,0.0175032252748681,4.28829019234267e-05,0.112649704383885,0.0448158046529129,0.000109798721399637,0.112649704383885,0.0507096376368765,0.112649704383885,0.000124238612210348,0.0829285914159305,0.112649704383885,0.00020317504896903,0.00964472410774988,0.112649704383885,2.36295740639872e-05,0.011386652734019,0.112649704383885,2.78972991983466e-05,0.0542585787067214,0.112649704383885,0.000132933517831468,0.0291009801190865,0.112649704383885,7.12974012917619e-05,0.0593522641040643,0.0593522641040643,0.0819364937779983,2.36039944775872,0.0431082599316714,0.125782033968634,0.000105615236832595,0.0047602241338602,0.13598426558614,1.16625491279575e-05,0.000275991775740519,0.112649704383885
30,0.808226133502136,1.37845886728589,0.40104789114381,0.0256713886493973,0.290474939840615,0.760050474826247,4.41975259226173,0.482665168261074,0.124321593449611,0.0666784922418566,-78.853624890341,8403.65835861271,0.0435177183298577,8026.32921190308,10477.7879505201,2153.03389492079,0.0506781222317633,1.08210099068793,5872.2132159921,0.0336104773159403,0.0763540934861606,6149.06261413577,265.746538271344,1.28410395685566,265.541762884287,0.013532812627189,204.9767,0.000546939243911603,11.3412457129969,6137.95975426344,6149.30099997644,0.0150065121459721,3.67659547576316e-05,1.50065121459721,0.0748999601872361,0.000183504902458728,1.50065121459721,0.233167378571983,0.000571260077501357,1.50065121459721,0.597009038358076,0.00146267214397729,1.50065121459721,0.675523115908407,1.50065121459721,0.0016550316339756,1.10472452736373,1.50065121459721,0.00270657509204114,0.128481180007608,1.50065121459721,0.00031477889101864,0.151686099390658,1.50065121459721,0.000371630943507112,0.722799961916344,1.50065121459721,0.00177085990669504,0.387665652568934,1.50065121459721,0.000949780848793887,0.790656219655845,0.790656219655845,1.09126016864262,31.4564241479049,0.574286206107183,1.67566232547515,0.0014070012049626,0.0634170211679075,1.81161995878235,0.000155371701861373,0.00367659547576316,1.50065121459721
30,0.0818014405128794,0.646327756636928,0.100468514347355,0.00339122996670579,0.061921352780419,0.0929294964595281,1.01641597893463,0.176930367985969,0.0254203722845045,0.0195572186641249,14.1057006926411,810.328467183264,0.0042011423078383,721.973484445235,890.3196079954,65.8864849334554,0.00104481393922184,0.121025135107684,655.965974376654,0.00468384905934237,0.1265965639484,856.913779305335,198.467154726841,0.0299373570652173,198.438617881164,0.00121872730265604,28.5649,1.27512382082023e-05,2.5138713173034,854.433129103495,856.947000420799,0.00151882531352383,3.31103918348195e-06,0.151882531352383,0.0351188739750559,7.65591452656218e-05,0.151882531352383,0.0584119269461367,0.000127338000742578,0.151882531352383,0.0788658131792044,0.000171927472730666,0.151882531352383,0.144003146000974,0.151882531352383,0.000313926858282124,0.135071942528384,0.151882531352383,0.000294456834711877,0.0295469761318207,0.151882531352383,6.44124079673691e-05,0.0556035097378911,0.151882531352383,0.000121215651228603,0.147792862119212,0.151882531352383,0.000322188439419883,0.113704759675145,0.151882531352383,0.000247876376091816,0.0763288936743876,0.0763288936743876,0.0224981468394023,3.5181725322001,0.0133888001186124,0.17388052102094,2.9187584258575e-05,0.105146647797674,0.200585399916721,0.000229219692198929,0.000331103918348195,0.151882531352383
30,0.612120148220945,4.83647035689569,0.751805854618885,0.0253765725500204,0.463357459286108,0.69539138663393,7.60584038347889,1.32396987629217,0.190220636128927,0.14634665981938,105.55631273121,6063.65972271662,0.0314372176510338,5402.52903073933,6661.81230672284,492.604089087003,0.00781781201021592,0.905709504422844,4909.01923214794,0.0350516616418918,0.947337927264717,6412.72839238342,1485.14637185787,0.224023687041179,1484.93281590289,0.00911973594187831,213.7659,9.54185565385377e-05,18.8113968798987,6394.16560400581,6412.97700088571,0.0113653692429726,2.47765049496803e-05,1.13653692429726,0.262794520587682,0.000572892054881146,1.13653692429726,0.437096427104003,0.000952870211086726,1.13653692429726,0.590152850000474,0.00128653321300103,1.13653692429726,1.07757548671188,1.13653692429726,0.0023491145610319,1.01074329452606,1.13653692429726,0.00220342038206681,0.221100011147642,1.13653692429726,0.00048199802430186,0.416081042203698,1.13653692429726,0.000907056672004062,1.10593393098214,1.13653692429726,0.00241093596954106,0.850852673368487,1.13653692429726,0.0018548588279433,0.57117037883419,0.57117037883419,0.168342205215674,26.3287646634548,0.100189484365465,1.30116213461642,0.000218413075916713,0.786825520983984,1.50100564399302,0.00171527963574509,0.00247765049496803,1.13653692429726
