"time","Mx","My","M_eliminated"
0,1,0.1,0
0.01,0.992235777713507,0.104775850967213,0.00298837131928083
0.02,0.984542813182415,0.109503606020852,0.0059535807967336
0.03,0.976920493945846,0.114183681110386,0.00889582494376787
0.04,0.969368360256546,0.118816388467359,0.0118152512760952
0.05,0.961885653113239,0.123402243557181,0.0147121033295795
0.06,0.954471651037807,0.127941736359633,0.01758661260256
0.07,0.94712570455932,0.132435307949575,0.0204389874911047
0.08,0.939847187659577,0.136883383472451,0.0232694288679715
0.09,0.932635479314624,0.141286384680257,0.0260781360051186
0.1,0.925489960590373,0.145644731904028,0.0288653075055989
0.11,0.918410016128364,0.149958843044793,0.0316311408268425
0.12,0.911395035586079,0.154229132595409,0.0343758318185115
0.13,0.904444414250483,0.158456011223894,0.0370995745256226
0.14,0.897557553136107,0.162639885706833,0.0398025611570589
0.15,0.890733858907045,0.166781158982372,0.0424849821105823
0.16,0.883972742900161,0.17088023081386,0.0451470262859784
0.17,0.877273622824403,0.174937496635294,0.0477888805403028
0.18,0.870635922618284,0.178953347648145,0.0504107297335707
0.19,0.864059071161452,0.182928171696752,0.0530127571417955
0.2,0.857542502170312,0.186862353339239,0.0555951444904488
0.21,0.851085654540508,0.190756273614826,0.058158071844666
0.22,0.844687972504793,0.19461030993657,0.0607017175586363
0.23,0.838348905565813,0.198424836137036,0.0632262582971501
0.24,0.832067908370456,0.202200222553666,0.0657318690758778
0.25,0.825844440625352,0.205936836086191,0.0682187232884571
0.26,0.819677967053894,0.209635040225834,0.0706869927202709
0.27,0.813567957363165,0.213295195077786,0.0731368475590486
0.28,0.807513886203511,0.216917657388665,0.0755684564078236
0.29,0.801515233121403,0.220502780578553,0.0779819863000445
0.3,0.795571482511335,0.22405091477367,0.0803776027149945
0.31,0.789682123574184,0.227562406834677,0.082755469591139
0.32,0.783846650265958,0.231037600391487,0.0851157493425543
0.33,0.778064561249372,0.234476835876178,0.0874586028744505
0.34,0.772335359856248,0.237880450548529,0.0897841895952232
0.35,0.766658554049676,0.24124877852174,0.0920926674285846
0.36,0.761033656378685,0.244582150793223,0.0943841928280926
0.37,0.75546018393061,0.24788089527697,0.0966589207924194
0.38,0.749937658287254,0.25114533683334,0.0989170048794056
0.39,0.744465605488219,0.254375797293969,0.101158597217812
0.4,0.739043555990549,0.257572595489192,0.103383848520259
0.41,0.733671044625015,0.260736047277748,0.105592908097237
0.42,0.728347610554052,0.263866465575356,0.107785923870591
0.43,0.723072797231721,0.266964160381923,0.109963042386356
0.44,0.717846152364389,0.270029438808254,0.112124408827357
0.45,0.712667227871413,0.273062605102769,0.114270167025818
0.46,0.707535579845851,0.276063960678198,0.116400459475951
0.47,0.702450768519277,0.279033804135486,0.118515427345238
0.48,0.69741235821757,0.281972431293831,0.120615210488599
0.49,0.692419917318891,0.284880135219241,0.122699947461868
0.5,0.687473018220994,0.287757206246739,0.124769775532267
0.51,0.682571237308625,0.290603932002517,0.126824830688859
0.52,0.6777141549147,0.293420597430311,0.128865247654989
0.53,0.6729013552794,0.296207484819197,0.130891159901403
0.54,0.668132426512386,0.298964873829262,0.132902699658352
0.55,0.663406960561153,0.301693041513105,0.134899997925742
0.56,0.65872455317628,0.30439226233945,0.13688318448427
0.57,0.65408480387381,0.307062808218704,0.138852387907486
0.58,0.649487315899059,0.309704948527551,0.140807735573391
0.59,0.644931696192136,0.312318950132373,0.142749353675492
0.6,0.640417555354097,0.314905077412254,0.144677367233649
0.61,0.635944507613088,0.317463592281979,0.146591900104934
0.62,0.63151217079052,0.319994754215017,0.148493074994463
0.63,0.627120166270778,0.322498820264104,0.150381013465118
0.64,0.622768118963165,0.324976045087099,0.152255835949737
0.65,0.618455657265712,0.327426680971571,0.154117661762718
0.66,0.614182413037044,0.329850977853918,0.155966609109038
0.67,0.609948021568309,0.33224918333844,0.157802795093252
0.68,0.605752121549756,0.334621542720043,0.159626335730202
0.69,0.60159435503552,0.33696829900817,0.161437345956311
0.7,0.597474367411085,0.339289692948906,0.163235939640009
0.71,0.593391807366052,0.341585963043484,0.165022229590465
0.72,0.589346326864206,0.343857345568616,0.166796327567179
0.73,0.58533758111114,0.346104074598497,0.168558344290363
0.74,0.581365228523093,0.34832638202598,0.170308389450928
0.75,0.577428930697263,0.350524497582735,0.172046571720003
0.76,0.573528352382672,0.352698648859058,0.17377299875827
0.77,0.569663161451013,0.354849061323673,0.175487777225315
0.78,0.565833028867532,0.356975958343513,0.177191012788955
0.79,0.562037628664953,0.359079561201444,0.178882810133603
0.8,0.558276637910703,0.361160089118528,0.180563272970769
0.81,0.554549736675776,0.36321775927518,0.182232504049044
0.82,0.550856608010488,0.365252786827642,0.183890605161871
0.83,0.547196937920309,0.367265384924403,0.185537677155289
0.84,0.543570415337106,0.369255764725737,0.187173819937158
0.85,0.539976732088828,0.371224135424303,0.188799132486869
0.86,0.536415582871489,0.37317070426418,0.190413712864332
0.87,0.532886665225706,0.375095676556804,0.19201765821749
0.88,0.529389679510948,0.376999255698473,0.193611064790579
0.89,0.525924328877657,0.378881643189281,0.195194027933062
0.9,0.522490319240422,0.380743038651351,0.196766642108228
0.91,0.519087359252418,0.382583639846195,0.198329000901388
0.92,0.51571516028032,0.384403642691768,0.199881197027913
0.93,0.512373436379206,0.386203241279513,0.201423322341282
0.94,0.50906190426749,0.387982627891394,0.202955467841116
0.95,0.505780283304472,0.389741993015154,0.204477723680375
0.96,0.502528295462132,0.391481525363471,0.205990179174397
0.97,0.499305665298306,0.393201411892192,0.207492922809502
0.98,0.496112119935812,0.394901837814511,0.208986042249677
0.99,0.492947389041655,0.3965829866151,0.210469624343245
1,0.489811204802267,0.39824504006693,0.211943755130804
1.01,0.486703301897413,0.399888178249001,0.213408519853586
1.02,0.483623417476063,0.40151257956274,0.214864002961198
1.03,0.480571291136196,0.403118420745716,0.216310288118088
1.04,0.477546664902623,0.404705876886713,0.217747458210664
1.05,0.47454928320299,0.406275121442035,0.219175595354976
1.06,0.471578892844678,0.407826326251195,0.220594780904126
1.07,0.46863524299281,0.409359661551868,0.222005095455322
1.08,0.465718085148641,0.410875295994565,0.223406618856795
1.09,0.462827173127959,0.412373396657311,0.22479943021473
1.1,0.459962263039502,0.413854129060313,0.226183607900186
1.11,0.457123113265626,0.41531765717909,0.227559229555285
1.12,0.454309484438018,0.416764143460978,0.228926372101004
1.13,0.45152113941461,0.418193748840815,0.230285111744575
1.14,0.448757843261621,0.419606632753141,0.231635523985238
1.15,0.446019363235644,0.421002953144371,0.232977683619986
1.16,0.443305468762319,0.422382866487283,0.234311664750398
1.17,0.440615931413864,0.423746527796289,0.235637540789848
1.18,0.43795052488831,0.425094090641537,0.236955384470154
1.19,0.435309024992124,0.426425707160724,0.238265267847153
1.2,0.43269120962111,0.427741528072069,0.239567262306821
1.21,0.430096858739748,0.429041702688354,0.240861438571898
1.22,0.427525754361306,0.430326378930432,0.242147866708262
1.23,0.424977680528901,0.431595703340101,0.243426616130998
1.24,0.422452423296904,0.432849821092733,0.244697755610363
1.25,0.419949770712338,0.434088876009916,0.245961353277746
1.26,0.417469512796299,0.435313010572078,0.247217476631623
1.27,0.415011441527312,0.436522365929794,0.248466192542895
1.28,0.412575350820421,0.43771708191799,0.249707567261589
1.29,0.410161036507315,0.438897297069457,0.250941666423228
1.3,0.407768296320866,0.440063148625343,0.252168555053791
1.31,0.405396929879707,0.441214772545641,0.253388297574652
1.32,0.403046738669874,0.442352303521659,0.254600957808467
1.33,0.400717526025457,0.443475874989166,0.255806598985378
1.34,0.398409097110726,0.444585619140537,0.257005283748737
1.35,0.396121258905171,0.44568166693492,0.25819707415991
1.36,0.393853820187057,0.446764148109403,0.25938203170354
1.37,0.391606591515636,0.447833191191108,0.260560217293256
1.38,0.389379385214029,0.448888923508816,0.261731691277156
1.39,0.387172015352916,0.44993147120405,0.262896513443035
1.4,0.384984297734528,0.450960959241952,0.26405474302352
1.41,0.382816049876637,0.451977511422164,0.265206438701199
1.42,0.380667090996553,0.452981250389696,0.266351658613752
1.43,0.378537241996798,0.453972297644659,0.267490460358543
1.44,0.376426325447108,0.454950773554503,0.268622900998389
1.45,0.374334165567316,0.455916797365634,0.269749037067049
1.46,0.372260588214046,0.456870487212468,0.270868924573487
1.47,0.37020542086743,0.457811960126442,0.271982619006128
1.48,0.368168492615311,0.45874133204676,0.273090175337929
1.49,0.366149634136575,0.45965871783171,0.274191648031714
1.5,0.364148677685774,0.460564231269117,0.27528709104511
1.51,0.362165457080233,0.461457985085095,0.276376557834672
1.52,0.360199807685907,0.462340090953668,0.277460101360425
1.53,0.358251566402054,0.463210659507174,0.278537774090772
1.54,0.356320571646504,0.464069800346278,0.279609628007218
1.55,0.354406663341619,0.464917622049511,0.280675714608871
1.56,0.352509682900505,0.465754232182639,0.281736084916857
1.57,0.350629473213231,0.466579737308023,0.282790789478746
1.58,0.348765878633056,0.467394242993983,0.283839878372961
1.59,0.34691874496409,0.468197853823176,0.284883401212734
1.6,0.345087919445801,0.468990673403126,0.285921407151074
1.61,0.343273250738279,0.469772804376231,0.28695394488549
1.62,0.341474588910779,0.470544348427558,0.287981062661663
1.63,0.339691785430281,0.471305406292604,0.289002808277115
1.64,0.337924693147895,0.47205607776654,0.290019229085565
1.65,0.336173166284517,0.472796461713956,0.291030372001527
1.66,0.334437060417584,0.473526656077858,0.292036283504557
1.67,0.332716232469973,0.474246757887214,0.293037009642813
1.68,0.331010540697821,0.474956863265225,0.294032596036954
1.69,0.329319844677342,0.475657067438287,0.295023087884371
1.7,0.327644005292134,0.476347464744611,0.296008529963255
1.71,0.325982884721098,0.477028148642435,0.296988966636468
1.72,0.324336346426561,0.477699211718089,0.29796444185535
1.73,0.322704255142416,0.478360745694061,0.298934999163523
1.74,0.321086476862261,0.479012841437046,0.299900681700693
1.75,0.319482878828782,0.479655588965168,0.30086153220605
1.76,0.317893329520411,0.48028907745704,0.301817593022549
1.77,0.31631769863864,0.480913395260387,0.302768906100973
1.78,0.31475585709815,0.481528629898749,0.303715513003101
1.79,0.313207677016969,0.482134868078171,0.30465745490486
1.8,0.31167303170477,0.482732195695153,0.305594772600077
1.81,0.310151795650523,0.483320697845039,0.306527506504438
1.82,0.308643844511084,0.483900458829773,0.307455696659144
1.83,0.307149055101643,0.484471562164382,0.308379382733974
1.84,0.305667305385238,0.485034090584112,0.309298604030649
1.85,0.3041984744614,0.485588126052132,0.310213399486468
1.86,0.302742442555231,0.48613374976696,0.311123807677809
1.87,0.301299091006999,0.486671042169533,0.312029866823468
1.88,0.299868302261919,0.487200082950149,0.312931614787933
1.89,0.298449959859937,0.487720951055407,0.313829089084656
1.9,0.29704394842552,0.488233724695147,0.314722326879333
1.91,0.295650153658517,0.488738481348659,0.315611364992824
1.92,0.294268462322665,0.489235297772489,0.316496239904847
1.93,0.292898762234675,0.489724250007857,0.317376987757468
1.94,0.291540942255738,0.49020541338643,0.318253644357832
1.95,0.290194892283049,0.490678862536078,0.319126245180873
1.96,0.288860503239724,0.491144671387724,0.319994825372551
1.97,0.287537667064171,0.491602913182572,0.320859419753257
1.98,0.286226276700268,0.492053660478772,0.32172006282096
1.99,0.284926226089144,0.492496985157009,0.322576788753848
2,0.283637410160148,0.492932958426639,0.323429631413213
2.01,0.282359724821074,0.493361650832332,0.324278624346595
2.02,0.281093066948756,0.493783132260456,0.325123800790788
2.03,0.279837334380109,0.494197471945171,0.325965193674719
2.04,0.278592425903338,0.4946047384744,0.326802835622262
2.05,0.277358241249134,0.495004999795808,0.327636758955059
2.06,0.276134681081889,0.495398323222772,0.328466995695339
2.07,0.274921646991825,0.495784775439733,0.329293577568443
2.08,0.273719041485104,0.496164422508909,0.330116536005987
2.09,0.272526767974425,0.49653732987669,0.330935902148884
2.1,0.271344730771716,0.4969035623786,0.331751706849684
2.11,0.270172835080834,0.497263184244257,0.33256398067491
2.12,0.269010986988885,0.497616259103268,0.333372753907847
2.13,0.267859093457076,0.497962849991454,0.33417805655147
2.14,0.266717062312253,0.498303019356588,0.334979918331159
2.15,0.265584802239832,0.498636829063205,0.335778368696964
2.16,0.264462222776017,0.498964340397885,0.336573436826098
2.17,0.26334923429939,0.499285614074973,0.337365151625637
2.18,0.262245748022811,0.499600710242077,0.338153541735112
2.19,0.261151675985707,0.499909688485308,0.338938635528985
2.2,0.2600669310465,0.500212607834427,0.339720461119072
2.21,0.258991426875032,0.500509526767993,0.340499046356976
2.22,0.257925077944996,0.500800503218497,0.341274418836507
2.23,0.256867799527168,0.501085594576972,0.34204660589586
2.24,0.255819507680883,0.501364857698778,0.34281563462034
2.25,0.254780119245946,0.501638348909097,0.343581531844956
2.26,0.253749551836338,0.501906124007216,0.344344324156446
2.27,0.252727723833931,0.502168238270787,0.345104037895281
2.28,0.251714554381019,0.502424746460914,0.345860699158067
2.29,0.250709963372433,0.502675702827498,0.346614333800069
2.3,0.249713871448267,0.50292116111419,0.347364967437544
2.31,0.248726199987784,0.503161174562522,0.348112625449694
2.32,0.247746871102721,0.503395795916466,0.348857332980814
2.33,0.246775807630045,0.503625077427346,0.34959911494261
2.34,0.245812933124982,0.50384907085858,0.350337996016438
2.35,0.244858171854378,0.504067827490192,0.35107400065543
2.36,0.243911448790178,0.504281398123236,0.351807153086586
2.37,0.242972689602906,0.504489833084233,0.352537477312861
2.38,0.242041820655152,0.504693182229592,0.353264997115256
2.39,0.241118768995737,0.504891494949578,0.353989736054685
2.4,0.240203462352383,0.505084820173287,0.35471171747433
2.41,0.239295829124744,0.505273206373386,0.35543096450187
2.42,0.238395798378989,0.505456701569791,0.35614750005122
2.43,0.237503299842388,0.505635353333347,0.356861346824265
2.44,0.236618263896883,0.505809208790194,0.357572527312923
2.45,0.235740621572307,0.505978314626376,0.358281063801317
2.46,0.234870304540112,0.506142717092102,0.358986978367786
2.47,0.234007245108127,0.506302462005307,0.359690292886565
2.48,0.233151376214792,0.506457594755573,0.360391029029636
2.49,0.232302631422921,0.506608160308358,0.361089208268721
2.5,0.231460944913706,0.50675420320908,0.361784851877214
2.51,0.230626251480995,0.506895767587001,0.362477980932004
2.52,0.22979848652568,0.507032897159037,0.363168616315283
2.53,0.228977586050084,0.507165635233576,0.36385677871634
2.54,0.228163486652353,0.507294024714284,0.364542488633363
2.55,0.227356125521432,0.507418108103524,0.365225766375045
2.56,0.226555440430759,0.507537927506634,0.365906632062607
2.57,0.225761369732262,0.507653524636013,0.366585105631725
2.58,0.224973852351687,0.507764940814288,0.367261206834025
2.59,0.224192827783952,0.507872216977476,0.367934955238572
2.6,0.2234182360876,0.50797539367875,0.36860637023365
2.61,0.222650017878972,0.5080745110924,0.369275471028628
2.62,0.221888114326797,0.508169609017506,0.369942276655698
2.63,0.221132467147685,0.508260726881003,0.370606805971312
2.64,0.220383018601161,0.508347903741054,0.371269077657785
2.65,0.219639711484295,0.508431178290699,0.371929110225006
2.66,0.218902489126539,0.508510588861362,0.3725869220121
2.67,0.218171295384802,0.508586173426197,0.373242531189001
2.68,0.21744607463862,0.508657969603372,0.373895955758009
2.69,0.216726771785322,0.508726014659349,0.374547213555328
2.7,0.216013332235203,0.508790345512171,0.375196322252626
2.71,0.215305701907197,0.508850998734393,0.37584329935841
2.72,0.214603827223447,0.508908010556778,0.376488162219776
2.73,0.213907655104136,0.508961416871804,0.37713092802406
2.74,0.213217132963476,0.509011253236397,0.377771613800128
2.75,0.212532208705694,0.509057554874647,0.378410236419659
2.76,0.211852830720267,0.509100356681055,0.379046812598677
2.77,0.211178947876892,0.509139693223948,0.37968135889916
2.78,0.210510509520841,0.509175598748633,0.380313891730527
2.79,0.209847465469074,0.509208107180036,0.38094442735089
2.8,0.209189766005968,0.509237252125613,0.38157298186842
2.81,0.208537361878692,0.509263066878481,0.382199571242827
2.82,0.20789020429276,0.509285584420447,0.382824211286792
2.83,0.207248244907796,0.509304837424885,0.383446917667319
2.84,0.20661143583337,0.50932085825956,0.38406770590707
2.85,0.205979729624837,0.509333678989459,0.384686591385704
2.86,0.205353079279186,0.509343331379614,0.3853035893412
2.87,0.20473143823131,0.509349846897628,0.385918714871062
2.88,0.204114760349333,0.509353256716859,0.386531982933808
2.89,0.203502999930162,0.509353591719437,0.387143408350401
2.9,0.202896111696028,0.509350882498614,0.387753005805357
2.91,0.202294050791036,0.509345159361112,0.388360789847851
2.92,0.201696772777061,0.509336452329907,0.388966774893032
2.93,0.201104233629414,0.509324791147175,0.389570975223411
2.94,0.200516389732848,0.509310205277006,0.390173404990146
2.95,0.19993319787821,0.50929272390768,0.39077407821411
2.96,0.199354615258762,0.509272375954166,0.391373008787072
2.97,0.198780599466202,0.509249190060822,0.391970210472976
2.98,0.198211108486833,0.509223194604003,0.392565696909164
2.99,0.197646100697918,0.509194417694534,0.393159481607547
3,0.197085534864096,0.509162887180149,0.393751577955755
3.01,0.196529370133799,0.509128630647919,0.394341999218282
3.02,0.195977566035676,0.509091675426687,0.394930758537636
3.03,0.195430082475387,0.509052048589247,0.395517868935366
3.04,0.194886879731575,0.509009776955074,0.396103343313351
3.05,0.194347918452036,0.508964887092933,0.39668719445503
3.06,0.193813159650748,0.508917405322897,0.397269435026355
3.07,0.193282564704893,0.508867357718364,0.397850077576743
3.08,0.192756095351327,0.508814770108464,0.398429134540209
3.09,0.192233713682849,0.508759668080588,0.399006618236563
3.1,0.191715382144763,0.508702076982726,0.399582540872511
3.11,0.191201063531994,0.508642021925426,0.40015691454258
3.12,0.19069072098592,0.508579527783947,0.400729751230132
3.13,0.190184317990949,0.508514619200585,0.401301062808466
3.14,0.18968181837122,0.508447320586912,0.401870861041868
3.15,0.189183186287462,0.508377656125913,0.402439157586625
3.16,0.188688386233913,0.508305649774078,0.403005963992009
3.17,0.188197383035231,0.508231325263501,0.403571291701268
3.18,0.18771014184342,0.508154706103968,0.404135152052611
3.19,0.187226628135065,0.508075815584837,0.404697556280098
3.2,0.186746807707866,0.507994676777391,0.405258515514743
3.21,0.186270646677345,0.507911312537077,0.405818040785578
3.22,0.185798111474278,0.507825745505248,0.406376143020473
3.23,0.185329168842143,0.507737998110904,0.406932833046953
3.24,0.184863785834069,0.507648092572753,0.407488121593177
3.25,0.184401929809637,0.507556050901398,0.408042019288965
3.26,0.183943568431909,0.507461894901345,0.408594536666746
3.27,0.18348866966495,0.50736564617269,0.40914568416236
3.28,0.1830372017711,0.507267326112977,0.409695472115922
3.29,0.182589133308029,0.507166955919192,0.410243910772779
3.3,0.182144433125891,0.507064556589699,0.41079101028441
3.31,0.181703070364627,0.506960148926075,0.411336780709298
3.32,0.181265014451307,0.506853753534913,0.411881232013779
3.33,0.180830235097475,0.506745390829628,0.412424374072897
3.34,0.180398702296495,0.506635081032256,0.412966216671249
3.35,0.179970386321179,0.506522844175071,0.41350676950375
3.36,0.179545257720802,0.50640870010261,0.414046042176587
3.37,0.179123287318262,0.506292668473606,0.414584044208132
3.38,0.178704446207871,0.50617476876248,0.415120785029649
3.39,0.178288705753156,0.506055020260845,0.415656273985999
3.4,0.177876037584241,0.505933442079281,0.416190520336478
3.41,0.177466413595083,0.505810053149212,0.416723533255705
3.42,0.17705980594092,0.505684872224641,0.417255321834439
3.43,0.176656187036135,0.5055579178836,0.417785895080265
3.44,0.176255529551907,0.505429208529747,0.418315261918345
3.45,0.175857806413677,0.50529876239409,0.418843431192233
3.46,0.175462990798697,0.505166597536645,0.419370411664658
3.47,0.175071056133708,0.505032731848023,0.419896212018269
3.48,0.174681976092654,0.504897183050976,0.42042084085637
3.49,0.174295724594392,0.504759968701955,0.420944306703653
3.5,0.173912275800412,0.504621106192662,0.421466618006926
3.51,0.17353160411279,0.504480612751437,0.421987783135773
3.52,0.17315368417162,0.504338505445001,0.422507810383378
3.53,0.17277849085257,0.504194801180126,0.423026707967304
3.54,0.17240599926498,0.504049516704914,0.423544484030106
3.55,0.172036184749971,0.503902668610092,0.424061146639936
3.56,0.171669022878185,0.503754273330545,0.42457670379127
3.57,0.171304489447409,0.503604347146926,0.425091163405664
3.58,0.170942560480378,0.503452906187156,0.425604533332465
3.59,0.170583212222936,0.503299966427666,0.426116821349398
3.6,0.170226421142013,0.503145543694775,0.426628035163211
3.61,0.169872163923445,0.502989653666175,0.42713818241038
3.62,0.169520417469861,0.502832311872357,0.427647270657781
3.63,0.169171158898688,0.502673533697977,0.428155307403334
3.64,0.168824365540178,0.502513334383189,0.428662300076632
3.65,0.168480014935441,0.502351729024985,0.429168256039574
3.66,0.168138084834478,0.502188732578528,0.429673182586994
3.67,0.167798553194422,0.502024359858353,0.430177086947225
3.68,0.167461398177328,0.501858625539863,0.430679976282809
3.69,0.167126598148061,0.501691544160766,0.431181857691173
3.7,0.166794131672671,0.50152313012218,0.431682738205149
3.71,0.166463977516754,0.501353397689744,0.432182624793502
3.72,0.166136114643512,0.501182360994939,0.43268152436155
3.73,0.165810522211705,0.501010034036476,0.433179443751819
3.74,0.165487179573761,0.500836430681584,0.433676389744655
3.75,0.165166066274193,0.500661564667084,0.434172369058723
3.76,0.164847162047857,0.50048544960057,0.434667388351572
3.77,0.164530446818072,0.500308098961691,0.435161454220237
3.78,0.164215900694807,0.500129526103377,0.435654573201815
3.79,0.163903503972959,0.499949744253017,0.436146751774025
3.8,0.163593237130652,0.499768766513603,0.436637996355745
3.81,0.163285080827553,0.499586605864888,0.437128313307559
3.82,0.162979015903168,0.499403275164532,0.4376177089323
3.83,0.162675023375336,0.499218787149132,0.438106189475532
3.84,0.162373084438317,0.499033154435518,0.438593761126164
3.85,0.162073180460985,0.498846389521983,0.439080430017032
3.86,0.16177529298542,0.498658504789236,0.439566202225344
3.87,0.161479403725501,0.498469512501362,0.440051083773137
3.88,0.161185494565234,0.498279424806955,0.440535080627812
3.89,0.160893547556991,0.498088253740315,0.441018198702694
3.9,0.160603544919883,0.497896011222557,0.44150044385756
3.91,0.160315469038391,0.497702709062535,0.441981821899074
3.92,0.160029302460876,0.497508358957858,0.442462338581266
3.93,0.159745027897953,0.497312972495995,0.442941999606052
3.94,0.159462628220933,0.497116561155332,0.443420810623736
3.95,0.159182086460339,0.496919136306179,0.443898777233481
3.96,0.158903385804447,0.496720709211768,0.444375904983785
3.97,0.158626509597824,0.496521291029236,0.444852199372939
3.98,0.158351441339878,0.49632089281062,0.445327665849502
3.99,0.158078164683544,0.496119525503741,0.445802309812715
4,0.157806663433651,0.49591719995332,0.446276136613029
4.01,0.157536921545361,0.495713926902037,0.446749151552602
4.02,0.157268923122956,0.495509716991353,0.447221359885691
4.03,0.157002652418627,0.495304580762335,0.447692766819038
4.04,0.156738093831038,0.49509852865663,0.448163377512332
4.05,0.156475231903806,0.494891571017499,0.448633197078696
4.06,0.1562140513241,0.494683718090767,0.449102230585133
4.07,0.155954536921468,0.494474980025624,0.449570483052908
4.08,0.155696673666546,0.494265366875496,0.450037959457958
4.09,0.155440446669665,0.494054888598998,0.450504664731337
4.1,0.155185841179506,0.493843555060842,0.450970603759652
4.11,0.154932842581824,0.493631376032707,0.451435781385468
4.12,0.154681436398191,0.493418361194094,0.451900202407715
4.13,0.154431608284737,0.493204520133178,0.452363871582085
4.14,0.154183344030902,0.492989862347658,0.45282679362144
4.15,0.153936629558307,0.492774397245524,0.453288973196169
4.16,0.153691450919345,0.492558134146015,0.45375041493464
4.17,0.153447794295837,0.492341082280529,0.454211123423634
4.18,0.153205645997989,0.492123250793336,0.454671103208675
4.19,0.152964992463351,0.491904648742281,0.455130358794368
4.2,0.152725820255577,0.49168528509963,0.455588894644793
4.21,0.15248811606312,0.491465168752954,0.456046715183926
4.22,0.152251866698024,0.491244308505951,0.456503824796026
4.23,0.152017059094913,0.491022713079133,0.456960227825955
4.24,0.151783680309882,0.490800391110578,0.45741592857954
4.25,0.151551717519296,0.490577351156748,0.457870931323956
4.26,0.151321158018634,0.490353601693275,0.458325240288091
4.27,0.151091989221387,0.490129151115704,0.45877885966291
4.28,0.150864198657977,0.489904007740234,0.459231793601789
4.29,0.150637773974679,0.489678179804449,0.459684046220872
4.3,0.150412702932536,0.489451675468051,0.460135621599413
4.31,0.150188973406396,0.48922450281352,0.460586523780084
4.32,0.149966573383694,0.488996669846937,0.461036756769369
4.33,0.149745490963296,0.488768184498773,0.461486324537931
4.34,0.149525714354603,0.488539054624493,0.461935231020904
4.35,0.149307231876653,0.488309288005172,0.462383480118175
4.36,0.149090031957053,0.488078892348215,0.462831075694732
4.37,0.148874103130856,0.487847875288124,0.463278021581019
4.38,0.148659434039522,0.487616244387204,0.463724321573274
4.39,0.148446013430044,0.48738400713615,0.464169979433805
4.4,0.148233830154001,0.487151170954701,0.464614998891298
4.41,0.148022873166514,0.486917743192341,0.465059383641145
4.42,0.147813131525259,0.486683731128973,0.465503137345768
4.43,0.147604594389512,0.486449141975567,0.465946263634921
4.44,0.147397251019226,0.486213982874787,0.466388766105987
4.45,0.147191090774093,0.485978260901629,0.466830648324278
4.46,0.146986103112619,0.485741983064049,0.467271913823331
4.47,0.146782277591289,0.485505156303531,0.46771256610518
4.48,0.146579603863521,0.485267787495794,0.468152608640685
4.49,0.146378071678671,0.485029883451474,0.468592044869855
4.5,0.146177670881259,0.484791450916645,0.469030878202096
4.51,0.1459783914102,0.484552496573344,0.469469112016456
4.52,0.14578022329788,0.484313027040196,0.469906749661924
4.53,0.145583156669193,0.484073048873072,0.470343794457734
4.54,0.145387181740644,0.483832568565697,0.470780249693659
4.55,0.1451922888196,0.483591592550157,0.471216118630244
4.56,0.144998468303466,0.483350127197459,0.471651404499075
4.57,0.144805710678799,0.483108178818136,0.472086110503065
4.58,0.144614006520447,0.48286575366283,0.472520239816722
4.59,0.144423346490736,0.482622857922845,0.472953795586419
4.6,0.144233721338666,0.48237949773069,0.473386780930645
4.61,0.14404512189911,0.482135679160626,0.473819198940263
4.62,0.143857539092017,0.481891408229211,0.474251052678772
4.63,0.14367096392169,0.481646690895783,0.474682345182527
4.64,0.143485387475889,0.481401533063074,0.475113079461037
4.65,0.143300800924972,0.481155940577793,0.475543258497235
4.66,0.143117195521231,0.480909919231077,0.475972885247692
4.67,0.142934562598224,0.480663474758943,0.476401962642832
4.68,0.142752893569991,0.480416612842826,0.476830493587183
4.69,0.14257217993021,0.480169339110143,0.477258480959646
4.7,0.142392413251438,0.47992165913482,0.477685927613742
4.71,0.142213585184458,0.479673578437725,0.478112836377817
4.72,0.142035687457575,0.479425102487155,0.47853921005527
4.73,0.141858711875848,0.479176236699351,0.478965051424801
4.74,0.141682650320351,0.478926986439004,0.479390363240644
4.75,0.141507494747476,0.47867735701973,0.479815148232795
4.76,0.141333237188234,0.478427353704536,0.480239409107229
4.77,0.141159869747575,0.478176981706296,0.480663148546129
4.78,0.140987384603692,0.47792624618821,0.481086369208097
4.79,0.140815774007406,0.477675152264232,0.481509073728362
4.8,0.140645030281388,0.477423704999591,0.481931264719021
4.81,0.140475145819429,0.477171909411293,0.482352944769278
4.82,0.140306113085857,0.476919770468514,0.48277411644563
4.83,0.140137924614969,0.476667293092984,0.483194782292047
4.84,0.139970573010354,0.476414482159453,0.483614944830192
4.85,0.139804050944169,0.476161342496178,0.484034606559653
4.86,0.13963835115648,0.47590787888537,0.48445376995815
4.87,0.139473466454703,0.475654096063576,0.48487243748172
4.88,0.139309389713,0.475399998722091,0.485290611564908
4.89,0.139146113871614,0.475145591507406,0.48570829462098
4.9,0.138983631936237,0.474890879021639,0.486125489042124
4.91,0.138821936977403,0.474635865822947,0.48654219719965
4.92,0.138661022129895,0.47438055642593,0.486958421444175
4.93,0.138500880592152,0.474124955302034,0.487374164105814
4.94,0.138341505625675,0.473869066879952,0.487789427494373
4.95,0.138182890554493,0.473612895545988,0.488204213899519
4.96,0.138025028764501,0.47335644564451,0.488618525590989
4.97,0.137867913702818,0.473099721478379,0.489032364818803
4.98,0.137711538877301,0.472842727309288,0.489445733813411
4.99,0.137555897856044,0.472585467358093,0.489858634785863
5,0.1374009842668,0.472327945805215,0.490271069927985
5.01,1.12931827121787,0.477021980208007,0.493659748574119
5.02,1.12127453700284,0.481689801209577,0.497035661787578
5.03,1.11330408805671,0.486308339653664,0.500387572289618
5.04,1.10540628219461,0.490878031563527,0.503715686241862
5.05,1.09758059063884,0.495399235961108,0.507020173400051
5.06,1.08982632071877,0.499872423143933,0.510301256137295
5.07,1.08214270452176,0.504298114492596,0.513559180985636
5.08,1.07452906385284,0.508676770469409,0.51679416567775
5.09,1.06698475344342,0.513008829177912,0.520006417378668
5.1,1.05950913586443,0.517294723396191,0.523196140739373
5.11,1.05210157593114,0.521534884375862,0.526363539692997
5.12,1.04476144168732,0.525729741173831,0.529508817138845
5.13,1.03748810602417,0.529879719553153,0.532632174422674
5.14,1.03028094750258,0.533985241424724,0.535733811072689
5.15,1.02313935055215,0.538046724712214,0.538813924735632
5.16,1.01606270542318,0.542064583384648,0.541872711192167
5.17,1.00905040740036,0.546039227990654,0.544910364608983
5.18,1.00210185778245,0.54997106499282,0.547927077224727
5.19,0.995216464468343,0.55386049636953,0.550923039162123
5.2,0.98839364068246,0.557707920480941,0.553898438836595
5.21,0.981632804582321,0.561513732335602,0.556853463082074
5.22,0.974933379553944,0.565278323389759,0.559788297056293
5.23,0.968294794432988,0.56900208139712,0.562703124169888
5.24,0.961716483482694,0.572685390423832,0.565598126093471
5.25,0.955197886270376,0.576328630932402,0.568473482797219
5.26,0.948738447568636,0.579932179848815,0.571329372582546
5.27,0.942337617303148,0.583496410598008,0.57416597209884
5.28,0.93599485051774,0.5870216931276,0.576983456354657
5.29,0.929709607335019,0.590508393934641,0.579781998730336
5.3,0.923481352909352,0.593956876097563,0.582561770993082
5.31,0.917309557377514,0.597367499309707,0.585322943312775
5.32,0.911193695814124,0.600740619909609,0.588065684276263
5.33,0.905133248182621,0.604076590914301,0.590790160903074
5.34,0.899127699283419,0.607375762054544,0.593496538662033
5.35,0.893176538712982,0.61063847980263,0.596184981484384
5.36,0.887279260825948,0.613865087398118,0.598855651775931
5.37,0.881435364690369,0.617055924878245,0.601508710431383
5.38,0.875644354039057,0.620211329110986,0.604144316849953
5.39,0.869905737223301,0.623331633826501,0.606762628950194
5.4,0.864219027173919,0.626417169643595,0.609363803182484
5.41,0.858583741361229,0.629468264096916,0.611947994541853
5.42,0.85299940175062,0.632485241667145,0.614515356582232
5.43,0.847465534758917,0.635468423810644,0.617066041430436
5.44,0.841981671212914,0.638418128987625,0.619600199799458
5.45,0.83654734630896,0.641334672689615,0.622117981001422
5.46,0.831162099572648,0.644218367466842,0.624619532960507
5.47,0.825825474818514,0.647069522955619,0.627105002225864
5.48,0.820537020112725,0.649888445903694,0.629574533983578
5.49,0.81529628773089,0.652675440198917,0.63202827207019
5.5,0.81010283411315,0.655430806899752,0.634466358987095
5.51,0.804956219828592,0.658154844259456,0.636888935911949
5.52,0.799856009542536,0.660847847748309,0.639296142709152
5.53,0.79480177197817,0.663510110079675,0.641688117942152
5.54,0.789793079874803,0.666141921238373,0.644064998886821
5.55,0.784829509948008,0.668743568507753,0.646426921544236
5.56,0.779910642856012,0.671315336492535,0.64877402065145
5.57,0.775036063165207,0.67385750714224,0.65110642969255
5.58,0.770205359311918,0.67637035977717,0.653424280910909
5.59,0.765418123564851,0.67885417111392,0.655727705321227
5.6,0.760673951989401,0.681309215289627,0.658016832720969
5.61,0.755972444412853,0.683735763885619,0.660291791701524
5.62,0.751313204389671,0.686134085950997,0.662552709659328
5.63,0.746695839166802,0.688504448026207,0.664799712806988
5.64,0.742119959651554,0.690847114164867,0.667032926183576
5.65,0.737585180375275,0.693162345958444,0.669252473666278
5.66,0.733091119454693,0.695450402562526,0.671458477982778
5.67,0.72863739856128,0.697711540717629,0.673651060721088
5.68,0.724223642893063,0.699946014768359,0.675830342338575
5.69,0.719849481141608,0.702154076685837,0.677996442172552
5.7,0.715514545456109,0.704335976092104,0.680149478451784
5.71,0.71121847140905,0.706491960283449,0.682289568307499
5.72,0.70696089796726,0.708622274250074,0.684416827782662
5.73,0.702741467462227,0.710727160696271,0.686531371841498
5.74,0.698559825557188,0.712806860062774,0.688633314380035
5.75,0.694415621214804,0.714861610548727,0.690722768236466
5.76,0.690308506666422,0.716891648132566,0.692799845201008
5.77,0.686238137382116,0.718897206592379,0.694864656025501
5.78,0.682204172040804,0.720878517526206,0.696917310432987
5.79,0.678206272500376,0.722835810372335,0.698957917127286
5.8,0.674244103770045,0.72476931242809,0.700986583801862
5.81,0.670317333979077,0.726679248871077,0.703003417149843
5.82,0.666425634343512,0.728565842781795,0.70500852287469
5.83,0.66256867913976,0.730429315161576,0.707002005698661
5.84,0.658746145680352,0.732269884949059,0.708983969370586
5.85,0.654957714285527,0.7340877690395,0.71095451667497
5.86,0.651203068252304,0.735883182305779,0.712913749441914
5.87,0.647481893824923,0.737656337618491,0.714861768556583
5.88,0.643793880169921,0.739407445862874,0.716798673967202
5.89,0.640138719350573,0.74113671595618,0.718724564693245
5.9,0.636516106298562,0.742844354866919,0.720639538834516
5.91,0.632925738786152,0.744530567633772,0.722543693580073
5.92,0.629367317399721,0.746195557383567,0.724437125216709
5.93,0.625840545513968,0.747839525348809,0.726319929137219
5.94,0.622345129266187,0.749462670885157,0.728192199848653
5.95,0.618880777530552,0.751065191488896,0.730054030980548
5.96,0.61544720189431,0.752647282813115,0.731905515292572
5.97,0.612044116630857,0.754209138685995,0.733746744683145
5.98,0.608671238671094,0.755750951130277,0.735577810198626
5.99,0.605328287580689,0.757272910378708,0.7373988020406
6,0.602014985539206,0.758775204888224,0.739209809572568
6.01,0.598731057315637,0.760258021356568,0.741010921327792
6.02,0.595476230241779,0.761721544740389,0.74280222501783
6.03,0.592250234186786,0.763165958272524,0.744583807540687
6.04,0.589052801535711,0.764591443476583,0.746355754987703
6.05,0.585883667167502,0.765998180181896,0.748118152650598
6.06,0.582742568430617,0.767386346540083,0.749871085029297
6.07,0.579629245119044,0.768756119041346,0.751614635839607
6.08,0.576543439449535,0.770107672529938,0.753348888020524
6.09,0.573484896039397,0.771441180219253,0.755073923741347
6.1,0.570453361884349,0.77275681370687,0.756789824408778
6.11,0.567448586336375,0.774054742989601,0.75849667067402
6.12,0.56447032108323,0.775335136477418,0.760194542439349
6.13,0.561518320125257,0.776598161009197,0.761883518865543
6.14,0.558592339750722,0.777843981869487,0.763563678379788
6.15,0.555692138516259,0.779072762801788,0.76523509868195
6.16,0.5528174772289,0.780284666020766,0.766897856750331
6.17,0.549968118924995,0.781479852226572,0.76855202884843
6.18,0.547143828847281,0.782658480620423,0.770197690532293
6.19,0.544344374422985,0.783820708919482,0.771834916657529
6.2,0.541569525245357,0.784966693369405,0.773463781385235
6.21,0.538819053054725,0.786096588757209,0.775084358188063
6.22,0.536092731717487,0.787210548425549,0.77669671985696
6.23,0.533390337205488,0.788308724286733,0.778300938507775
6.24,0.530711647576406,0.789391266836043,0.779897085587548
6.25,0.528056442954634,0.790458325164725,0.781485231880637
6.26,0.525424505512214,0.79151004697295,0.783065447514833
6.27,0.522815619449772,0.792546578582758,0.784637801967467
6.28,0.520229570978876,0.793568064950053,0.786202364071068
6.29,0.517666148302077,0.794574649678159,0.787759202019761
6.3,0.51512514159167,0.795566475032252,0.789308383376075
6.31,0.512606342972862,0.796543681950797,0.790849975076337
6.32,0.510109546508301,0.797506410056061,0.792384043435634
6.33,0.507634548179927,0.79845479766644,0.79391065415363
6.34,0.50518114586923,0.799388981809875,0.795429872320892
6.35,0.502749139338396,0.800309098236664,0.796941762424937
6.36,0.500338330214414,0.801215281430257,0.798446388355325
6.37,0.497948521972758,0.802107664618347,0.799943813408892
6.38,0.495579519919309,0.802986379785148,0.80143410029554
6.39,0.493231131172592,0.803851557683467,0.802917311143937
6.4,0.490903164646896,0.804703327846176,0.804393507506925
6.41,0.48859543103581,0.80554181859739,0.805862750366796
6.42,0.486307742795813,0.806367157063626,0.807325100140558
6.43,0.484039914129856,0.80717946918495,0.808780616685191
6.44,0.481791760972176,0.807978879725301,0.81022935930252
6.45,0.479563100971113,0.808765512284163,0.81167138674472
6.46,0.477353753470824,0.80953948930899,0.813106757220182
6.47,0.475163539496797,0.810300932105048,0.814535528398151
6.48,0.472992281742513,0.811049960844478,0.815957757413006
6.49,0.470839804553836,0.811786694576899,0.817373500869262
6.5,0.468705933912023,0.812511251240959,0.818782814847015
6.51,0.466590497417485,0.81322374767536,0.820185754907151
6.52,0.464493324276098,0.813924299628166,0.821582376095733
6.53,0.46241424528516,0.814613021766337,0.8229727329485
6.54,0.460353092817825,0.815290027686312,0.824356879495859
6.55,0.458309700807819,0.815955429924393,0.825734869267786
6.56,0.456283904734894,0.81660933996662,0.827106755298484
6.57,0.454275541610664,0.817251868258405,0.828472590130928
6.58,0.452284449964469,0.817883124214132,0.829832425821396
6.59,0.450310469829247,0.818503216226756,0.831186313943994
6.6,0.448353442728455,0.819112251676687,0.832534305594854
6.61,0.446413211661281,0.819710336941845,0.83387645139687
6.62,0.444489621086903,0.820297577408348,0.835212801504746
6.63,0.442582516911999,0.820874077478999,0.836543405608999
6.64,0.440691746479282,0.821439940581079,0.837868312939635
6.65,0.438817158554057,0.821995269175481,0.839187572270459
6.66,0.436958603309594,0.822540164766642,0.84050123192376
6.67,0.43511593231315,0.823074727912049,0.841809339774798
6.68,0.433288998514176,0.823599058230243,0.843111943255577
6.69,0.431477656232232,0.824113254409037,0.844409089358727
6.7,0.429681761143586,0.824617414214618,0.845700824641793
6.71,0.427901170268052,0.825111634500489,0.846987195231456
6.72,0.426135741956472,0.825596011215975,0.848268246827549
6.73,0.424385335878519,0.826070639414513,0.849544024706965
6.74,0.422649813010526,0.826535613261917,0.850814573727554
6.75,0.420929035623323,0.826991026044642,0.852079938332031
6.76,0.419222867270981,0.827436970177439,0.853340162551576
6.77,0.417531172778074,0.827873537212001,0.854595290009923
6.78,0.415853818226131,0.82830081784617,0.855845363927696
6.79,0.414190670942885,0.828718901931246,0.857090427125866
6.8,0.412541599492396,0.829127878478694,0.858330522028906
6.81,0.410906473663485,0.829527835668003,0.859565690668508
6.82,0.409285164457136,0.829918860855248,0.860795974687613
6.83,0.407677544074461,0.83030104058126,0.862021415344275
6.84,0.406083485906555,0.83067446057853,0.863242053514912
6.85,0.404502864524082,0.831039205778273,0.864457929697642
6.86,0.402935555665747,0.831395360318269,0.86566908401598
6.87,0.401381436226954,0.831743007550568,0.866875556222475
6.88,0.399840384249031,0.832082230048805,0.86807738570216
6.89,0.398312278908736,0.832413109615338,0.869274611475923
6.9,0.396797000507776,0.832735727288362,0.870467272203859
6.91,0.395294430462336,0.83305016334903,0.871655406188631
6.92,0.393804451293384,0.833356497328035,0.872839051378577
6.93,0.392326946615707,0.833654808013063,0.874018245371227
6.94,0.390861801126244,0.833945173456716,0.875193025417036
6.95,0.38940890059484,0.834227670982799,0.876363428422357
6.96,0.387968131855741,0.834502377192095,0.87752949095216
6.97,0.38653938279763,0.834769367969136,0.878691249233231
6.98,0.385122542352775,0.835028718489575,0.879848739157647
6.99,0.383717500486678,0.835280503227221,0.881001996286098
7,0.382324148189336,0.835524795959977,0.882151055850683
7.01,0.380942377466284,0.835761669775923,0.883295952757789
7.02,0.379572081328657,0.83599119708007,0.88443672159127
7.03,0.378213153783435,0.836213449600987,0.885573396615575
7.04,0.376865489824167,0.836428498397105,0.886706011778725
7.05,0.375528985421928,0.836636413862858,0.88783460071521
7.06,0.374203537516305,0.836837265734813,0.888959196748878
7.07,0.372889044006373,0.837031123097796,0.890079832895828
7.08,0.371585403742355,0.837218054390559,0.891196541867082
7.09,0.370292516516184,0.837398127412197,0.892309356071617
7.1,0.36901028305145,0.837571409328971,0.893418307619576
7.11,0.367738604995448,0.837737966679719,0.89452342832483
7.12,0.366477384911853,0.837897865380827,0.895624749707317
7.13,0.36522652627214,0.838051170732061,0.896722302995795
7.14,0.363985933446247,0.838197947422911,0.897816119130839
7.15,0.362755511693653,0.83833825953865,0.898906228767694
7.16,0.361535167155867,0.838472170565442,0.899992662278687
7.17,0.360324806848706,0.838599743395586,0.901075449755704
7.18,0.359124338653745,0.838721040333324,0.902154621012927
7.19,0.357933671309917,0.83883612310055,0.903230205589529
7.2,0.356752714405527,0.838945052842237,0.904302232752233
7.21,0.355581378370467,0.839047890131722,0.905370731497807
7.22,0.354419574468454,0.839144694975986,0.906435730555557
7.23,0.353267214789263,0.839235526820925,0.907497258389809
7.24,0.352124212241548,0.839320444556232,0.908555343202216
7.25,0.350990480544711,0.839399506520922,0.909610012934364
7.26,0.349865934220254,0.839472770509201,0.910661295270542
7.27,0.348750488584928,0.839540293775128,0.911709217639939
7.28,0.347644059744428,0.8396021330369,0.912753807218668
7.29,0.346546564586003,0.839658344481863,0.91379509093213
7.3,0.345457920770424,0.839708983771979,0.914833095457593
7.31,0.344378046724305,0.839754106049041,0.91586784722665
7.32,0.343306861633623,0.839793765939072,0.916899372427301
7.33,0.342244285437083,0.839828017556838,0.917927697006075
7.34,0.341190238818749,0.839856914510851,0.918952846670396
7.35,0.340144643200819,0.83988050990828,0.919974846890897
7.36,0.339107420736746,0.839898856359625,0.920993722903625
7.37,0.338078494304534,0.83991200598327,0.922009499712193
7.38,0.337057787500056,0.839920010410023,0.923022202089918
7.39,0.336045224630371,0.83992292078766,0.924031854581965
7.4,0.335040730707538,0.839920787785126,0.925038481507332
7.41,0.33404423144162,0.839913661597286,0.92604210696109
7.42,0.33305565323324,0.839901591949986,0.92704275481677
7.43,0.332074923167677,0.839884628104062,0.928040448728258
7.44,0.331101969009434,0.839862818859032,0.92903521213153
7.45,0.330136719195892,0.839836212557409,0.930027068246695
7.46,0.32917910283038,0.839804857089406,0.93101604008021
7.47,0.328229049675574,0.839768799897423,0.932002150426999
7.48,0.327286490147912,0.839728087979843,0.932985421872241
7.49,0.32635135531188,0.839682767894911,0.933965876793206
7.5,0.325423576873675,0.839632885765041,0.93494353736128
7.51,1.31658048324123,0.844526402440951,0.938893114317817
7.52,1.30777685799681,0.84939345450343,0.942829687499754
7.53,1.29905298781371,0.854207031330213,0.946739980856066
7.54,1.29040815343965,0.858967621172477,0.950624225387865
7.55,1.28184175843432,0.863675628909954,0.954482612655715
7.56,1.2733530781812,0.868331546429025,0.95831537538977
7.57,1.26494126681936,0.87293594791637,0.962122785264261
7.58,1.25660558351837,0.877489336255835,0.965905080225787
7.59,1.24834532622114,0.881992188006816,0.969662485772038
7.6,1.24015980209272,0.886444973464756,0.973395224442518
7.61,1.2320483206573,0.890848161319983,0.97710351802271
7.62,1.22401019478758,0.895202217986065,0.980787587226343
7.63,1.21604474254686,0.899507606349368,0.984447651103765
7.64,1.20815128814396,0.903764785120817,0.988083926735208
7.65,1.20032916217137,0.907974208674336,0.991696629154287
7.66,1.19257770155888,0.912136327078284,0.995285971362827
7.67,1.18489624876212,0.916251586646799,0.998852164591071
7.68,1.17728415266168,0.92032042932889,1.00239541800942
7.69,1.16974076934177,0.924343292179418,1.0059159384788
7.7,1.16226546074256,0.928320608274699,1.00941393098273
7.71,1.15485759415965,0.932252807052552,1.01288959878778
7.72,1.1475165425544,0.936140314101499,1.01634314334409
7.73,1.1402416848084,0.939983550987836,1.01977476420375
7.74,1.13303240570674,0.943782935267048,1.02318465902621
7.75,1.12588809580594,0.947538880573491,1.02657302362056
7.76,1.11880815132429,0.951251796694939,1.02994005198076
7.77,1.11179197408294,0.954922089612599,1.03328593630445
7.78,1.10483897146789,0.958550161526922,1.03661086700518
7.79,1.09794855638767,0.962136410886369,1.03991503272595
7.8,1.09112014722252,0.965681232421941,1.04319862035553
7.81,1.08435316777076,0.969185017183623,1.04646181504561
7.82,1.07764704719984,0.972648152573616,1.04970480022653
7.83,1.07100121999399,0.976071022381957,1.05292775762405
7.84,1.06441512589737,0.979454006825081,1.05613086727754
7.85,1.05788820986896,0.982797482576526,1.0593143075545
7.86,1.05141992204154,0.986101822794776,1.06247825516368
7.87,1.04500971767351,0.989367397155997,1.06562288517048
7.88,1.03865705709615,0.992594571889894,1.06874837101395
7.89,1.03236140566292,0.995783709814117,1.07185488452296
7.9,1.02612223370678,0.998935170363293,1.07494259592991
7.91,1.01993901649703,1.00204930961837,1.0780116738846
7.92,1.01381123419108,1.0051264803393,1.08106228546961
7.93,1.007738371787,1.0081670319974,1.08409459621559
7.94,1.00171991907829,1.01117131080598,1.08710877011572
7.95,0.995755370609892,1.01413965975028,1.09010496963981
7.96,0.989844225634449,1.0170724186172,1.09308335574834
7.97,0.983985988068447,1.01996992402505,1.09604408790649
7.98,0.978180166451373,1.02283250945136,1.09898732409726
7.99,0.972426273900617,1.02566050526346,1.10191322083592
8,0.966723828062305,1.02845423875193,1.10482193318575
8.01,0.961072351072037,1.03121403415729,1.10771361477066
8.02,0.955471369519452,1.03394021269401,1.11058841778653
8.03,0.94992041440693,1.03663309257864,1.11344649301442
8.04,0.944419021104318,1.03929298906052,1.11628798983515
8.05,0.938966729305334,1.04192021445143,1.11911305624322
8.06,0.933563082990685,1.04451507815065,1.12192183885865
8.07,0.928207630390869,1.04707788667022,1.1247144829389
8.08,0.922899923944747,1.04960894366309,1.12749113239215
8.09,0.91763952025862,1.05210854995093,1.13025192979044
8.1,0.91242598006734,1.05457700355055,1.1329970163821
8.11,0.90725886819645,1.05701459969963,1.13572653210391
8.12,0.902137753524474,1.05942163088233,1.13844061559318
8.13,0.897062208945202,1.06179838685494,1.14113940419985
8.14,0.892031811332505,1.06414515466974,1.14382303399775
8.15,0.887046141501512,1.06646221870143,1.14649163979705
8.16,0.88210478416629,1.06874986067584,1.14914535515785
8.17,0.877207327906035,1.07100835969296,1.15178431240099
8.18,0.872353365134563,1.07323799224759,1.15440864261784
8.19,0.86754249206476,1.07543903225355,1.15701847568168
8.2,0.862774308669603,1.07761175107016,1.15961394026022
8.21,0.858048418644626,1.07975641752772,1.16219516382764
8.22,0.85336442937617,1.08187329794909,1.16476227267472
8.23,0.848721951909352,1.08396265617148,1.16731539191916
8.24,0.844120600912403,1.08602475357063,1.16985464551696
8.25,0.83955999464144,1.08805984908479,1.17238015627376
8.26,0.835039754906973,1.09006819923745,1.17489204585556
8.27,0.830559507041326,1.0920500581595,1.17739043479916
8.28,0.826118879866158,1.09400567761128,1.17987544252255
8.29,0.821717505659998,1.09593530700462,1.18234718733537
8.3,0.817355020127956,1.09783919342347,1.18480578644857
8.31,0.813031062368296,1.09971758164656,1.18725135598514
8.32,0.808745274836005,1.10157071417219,1.1896840109918
8.33,0.804497303313685,1.10339883123798,1.19210386544832
8.34,0.800286796885271,1.10520217083876,1.19451103227595
8.35,0.796113407905435,1.10698096874733,1.19690562334723
8.36,0.791976791966045,1.10873545853724,1.19928774949671
8.37,0.787876607863844,1.11046587160478,1.20165752053136
8.38,0.7838125175731,1.11217243718757,1.20401504523932
8.39,0.779784186218033,1.11385538238324,1.20636043139872
8.4,0.775791282042124,1.11551493217034,1.20869378578753
8.41,0.771833476377783,1.11715130942892,1.21101521419329
8.42,0.767910443617512,1.11876473496013,1.21332482142235
8.43,0.764021861185852,1.12035542750528,1.21562271130886
8.44,0.760167409511424,1.12192360376484,1.21790898672373
8.45,0.756346771998978,1.12346947841742,1.22018374958359
8.46,0.752559635003318,1.12499326413751,1.22244710085916
8.47,0.74880568780053,1.12649517161499,1.22469914058447
8.48,0.745084622556615,1.12797540957648,1.22693996786689
8.49,0.74139613430241,1.12943418480237,1.22916968089522
8.5,0.73773992091097,1.13087170214216,1.23138837694686
8.51,0.734115683071245,1.13228816453239,1.23359615239636
8.52,0.730523124259193,1.13368377301624,1.23579310272456
8.53,0.726961950709952,1.13505872676243,1.23797932252761
8.54,0.723431871394295,1.13641322308125,1.24015490552445
8.55,0.719932597994892,1.13774745744065,1.24231994456445
8.56,0.716463844879881,1.13906162348422,1.24447453163589
8.57,0.713025329076753,1.14035591304893,1.24661875787431
8.58,0.709616770247537,1.141630516182,1.24875271357046
8.59,0.706237890664642,1.14288562115728,1.25087648817807
8.6,0.702888415186791,1.14412141449165,1.25299017032155
8.61,0.699568071234951,1.14533808096133,1.25509384780371
8.62,0.696276588769886,1.14653580361715,1.25718760761295
8.63,0.693013700267384,1.1477147638014,1.2592715359312
8.64,0.689779140691248,1.14887514116615,1.26134571814259
8.65,0.686572647471721,1.15001711368792,1.26341023884035
8.66,0.68339396048602,1.15114085768092,1.26546518183305
8.67,0.680242822035653,1.15224654781243,1.26751063015191
8.68,0.677118976821541,1.15333435711974,1.26954666605871
8.69,0.674022171920067,1.1544044570264,1.27157337105352
8.7,0.67095215676282,1.155457017356,1.27359082588117
8.71,0.667908683116151,1.15649220634602,1.27559911053782
8.72,0.66489150505842,1.15751019066336,1.27759830427821
8.73,0.661900378957512,1.15851113541955,1.27958848562293
8.74,0.658935063449468,1.15949520418528,1.28156973236524
8.75,0.655995319417692,1.16046255900458,1.28354212157771
8.76,0.653080909972232,1.16141336040884,1.28550572961892
8.77,0.650191600429055,1.1623477674309,1.28746063214003
8.78,0.647327158290725,1.16326593761821,1.28940690409105
8.79,0.644487353225069,1.16416802704729,1.29134461972763
8.8,0.641671957041932,1.16505419033954,1.29327385261852
8.81,0.638880743674597,1.16592458067387,1.29519467565153
8.82,0.636113489163028,1.16677934979806,1.2971071610389
8.83,0.633369971634342,1.16761864804207,1.29901138032358
8.84,0.630649971281387,1.16844262433254,1.30090740438606
8.85,0.62795327034213,1.16925142620686,1.302795303451
8.86,0.625279653082208,1.17004519982496,1.30467514709283
8.87,0.622628905777336,1.1708240899813,1.30654700424135
8.88,0.620000816693712,1.1715882401182,1.30841094318808
8.89,0.617395176068662,1.17233779233894,1.31026703159239
8.9,0.614811776092246,1.17307288742029,1.31211533648746
8.91,0.61225041088935,1.17379366482468,1.31395592428596
8.92,0.609710876501854,1.1745002627123,1.31578886078583
8.93,0.607192970870786,1.17519281795325,1.31761421117595
8.94,0.60469649381969,1.17587146613881,1.3194320400415
8.95,0.602221247036257,1.17653634159392,1.32124241136981
8.96,0.599767034052312,1.17718757739083,1.32304538855685
8.97,0.597333660227819,1.17782530535989,1.32484103441228
8.98,0.594920932736457,1.17844965609943,1.3266294111641
8.99,0.592528660548799,1.17906075898711,1.32841058046408
9,0.590156654413884,1.1796587421925,1.3301846033936
9.01,0.587804726841454,1.18024373268913,1.3319515404694
9.02,0.585472692086946,1.18081585626469,1.33371145164836
9.03,0.583160366136339,1.18137523753129,1.33546439633236
9.04,0.580867566689285,1.18192199993699,1.33721043337372
9.05,0.57859411314245,1.18245626577706,1.33894962108048
9.06,0.57633982657367,1.18297815620477,1.34068201722155
9.07,0.574104529726542,1.18348779124187,1.34240767903158
9.08,0.571888046995067,1.18398528978899,1.34412666321594
9.09,0.569690204408287,1.1844707696361,1.34583902595561
9.1,0.567510829615965,1.18494434747225,1.34754482291178
9.11,0.565349751872772,1.18540613889629,1.34924410923093
9.12,0.563206802021058,1.18585625842859,1.35093693955034
9.13,0.561081812477085,1.18629481952041,1.35262336800249
9.14,0.55897461721859,1.1867219345623,1.3543034482191
9.15,0.556885051770323,1.18713771489398,1.35597723333568
9.16,0.554812953188177,1.18754227081509,1.35764477599672
9.17,0.552758160043902,1.1879357115956,1.35930612836049
9.18,0.550720512412171,1.18831814548456,1.36096134210326
9.19,0.548699851857536,1.188689679719,1.36261046842345
9.2,0.546696021419913,1.18905042053379,1.36425355804628
9.21,0.544708865600237,1.18940047317136,1.36589066122839
9.22,0.54273823034682,1.18973994189099,1.36752182776218
9.23,0.540783963042086,1.19006892997781,1.36914710698009
9.24,0.538845912489343,1.19038753975181,1.37076654775884
9.25,0.536923928899568,1.19069587257678,1.37238019852364
9.26,0.535017863879068,1.19099402886873,1.37398810725219
9.27,0.533127570415877,1.19128210810513,1.37559032147898
9.28,0.531252902864917,1.19156020883496,1.37718688830011
9.29,0.529393716936138,1.19182842868681,1.37877785437704
9.3,0.527549869683819,1.1920868643761,1.38036326594007
9.31,0.525721219494117,1.19233561171361,1.38194316879227
9.32,0.523907626071407,1.19257476561467,1.38351760831391
9.33,0.522108950425118,1.19280442010819,1.38508662946668
9.34,0.520325054858597,1.19302466834419,1.3866502767972
9.35,0.518555802957882,1.1932356026014,1.3882085944407
9.36,0.5168010595792,1.19343731429581,1.38976162612498
9.37,0.515060690836619,1.19362989398901,1.39130941517436
9.38,0.513334564090307,1.19381343139621,1.39285200451348
9.39,0.511622547935107,1.19398801539396,1.39438943667093
9.4,0.509924512189157,1.19415373402792,1.39592175378292
9.41,0.508240327882501,1.19431067452057,1.39744899759692
9.42,0.506569867246477,1.19445892327844,1.39897120947507
9.43,0.504913003701995,1.19459856590007,1.40048843039792
9.44,0.503269611846766,1.19472968718468,1.40200070096855
9.45,0.501639567445097,1.19485237113908,1.40350806141581
9.46,0.500022747418682,1.194966700984,1.40501055159731
9.47,0.498419029835875,1.1950727591613,1.40650821100282
9.48,0.496828293899925,1.195170627342,1.40800107875807
9.49,0.495250419937644,1.19526038643398,1.40948919362837
9.5,0.493685289389828,1.19534211658849,1.41097259402167
9.51,0.49213278480159,1.19541589720669,1.41245131799171
9.52,0.490592789811594,1.19548180694701,1.41392540324138
9.53,0.489065189141424,1.19553992373234,1.41539488712623
9.54,0.487549868585474,1.1955903247569,1.41685980665762
9.55,0.486046715001119,1.19563308649293,1.41832019850594
9.56,0.484555616298907,1.19566828469735,1.41977609900373
9.57,0.483076461432764,1.19569599441843,1.42122754414879
9.58,0.481609140390851,1.19571629000197,1.42267456960717
9.59,0.480153544185475,1.19572924509817,1.42411721071635
9.6,0.478709564842094,1.19573493266911,1.42555550248878
9.61,0.477277095390531,1.19573342499472,1.42698947961474
9.62,0.475856029857046,1.19572479367814,1.4284191764648
9.63,0.4744462632551,1.19570910965203,1.42984462709286
9.64,0.473047691575224,1.19568644318543,1.43126586523934
9.65,0.47166021177527,1.19565686389038,1.43268292433434
9.66,0.470283721772156,1.19562044072756,1.43409583750027
9.67,0.46891812043355,1.19557724201191,1.43550463755453
9.68,0.467563307568595,1.19552733541893,1.43690935701247
9.69,0.466219183918761,1.19547078799092,1.4383100280903
9.7,0.464885651149143,1.19540766614289,1.43970668270796
9.71,0.463562611839989,1.19533803566828,1.44109935249172
9.72,0.462249969478267,1.19526196174473,1.442488068777
9.73,0.460947628449227,1.19517950893979,1.44387286261098
9.74,0.45965549402853,1.19509074121628,1.44525376475518
9.75,0.458373472373563,1.19499572193819,1.44663080568823
9.76,0.457101470513972,1.19489451387711,1.4480040156089
9.77,0.455839396344098,1.19478717921736,1.44937342443853
9.78,0.454587158616151,1.19467377956064,1.4507390618232
9.79,0.453344666932261,1.19455437593142,1.45210095713631
9.8,0.452111831735755,1.19442902878288,1.45345913948135
9.81,0.450888564302759,1.19429779800261,1.45481363769461
9.82,0.449674776735101,1.19416074291743,1.45616448034745
9.83,0.448470381953138,1.19401792229827,1.45751169574858
9.84,0.447275293687785,1.19386939436555,1.45885531194665
9.85,0.44608942647263,1.19371521679461,1.46019535673275
9.86,0.444912695636443,1.19355544672073,1.46153185764281
9.87,0.443745017295887,1.19339014074413,1.46286484195997
9.88,0.442586308348255,1.19321935493485,1.46419433671688
9.89,0.441436486464202,1.19304314483775,1.46552036869803
9.9,0.440295470080975,1.19286156547709,1.46684296444193
9.91,0.43916317839493,1.19267467136157,1.46816215024349
9.92,0.438039531353387,1.19248251648993,1.46947795215667
9.93,0.436924449648115,1.19228515435534,1.47079039599653
9.94,0.435817854709453,1.19208263794939,1.47209950734114
9.95,0.434719668699466,1.19187501976677,1.47340531153375
9.96,0.433629814504444,1.19166235181033,1.47470783368522
9.97,0.432548215727665,1.19144468559601,1.47600709867631
9.98,0.431474796683285,1.19122207215702,1.47730313115968
9.99,0.430409482390162,1.190994562048,1.47859595556183
10,0.429352198565803,1.19076220534912,1.47988559608506
